Field_ID,Elevation,Rainfall,Min_temperature_C,Max_temperature_C,pH,Pollution_level,Plot_size,Annual_yield,Crop_type
1162,494.95615,1507.6,-5.4,31,6.859435669,0.007034216,3.6,1.617420628,coffee
5108,663.7339,581,-4.7,30.9,5.603219232,0.289642984,4.2,2.532497367,potato
3504,396.8799,1715.1,-6.1,31.7,5.774116372,0.000408785,2.6,1.262207228,banana
5351,594.8037,1748,-4.3,33.6,6.477415377,0.08877719,7.9,4.351563687,wheat
905,609.498,1395.8,-4.5,31.3,5.419586358,0.050022517,10.8,5.03479128,cassava
2274,270.451,1665.2,-7.2,34.3,5.873081619,0.001544747,3.9,1.743458072,banana
3990,749.43427,728,-3.8,31.1,6.098061756,0.330737123,2.7,1.404141886,maize
1148,753.99786,1258.5,-3.3,28.7,5.934154283,0.03828047,8.2,4.628492548,wheat
2134,840.584,579.5,-3.1,28.1,5.697434168,0.232920543,4.2,2.470871987,potato
5632,618.01624,888,-4.9,26.9,5.23163045,0.499645783,0.7,0.350603553,wheat
3526,701.1468,1354.3,-3.7,26.1,5.149978516,0.216073709,14.9,6.439340421,wheat
1789,701.6991,581.4,-4.4,31.4,6.348242657,0.240244202,1.6,0.938698683,wheat
2337,739.63495,1160.8,-3.5,29.7,5.388973326,0.062176614,3.2,1.420803314,wheat
4807,520.2977,292.3,-6.3,32.9,5.3792858,0.196589219,1.4,0.881567901,potato
973,432.0357,1464.4,-6,30.2,7.482802465,0.019800297,3,1.377434328,wheat
4400,676.57086,1036.8,-4.2,29.1,5.345516314,0.158239795,3.5,1.985430198,cassava
892,823.2931,598.1,-3.3,28.7,5.142679049,0.310302184,2.2,1.345157045,potato
361,588.61615,1051.7,-5.1,31.3,5.201006363,0.660245681,4.6,1.968873551,wheat
3803,500.45013,2009.6,-4.9,32,6.915591998,0.014531575,2.9,1.453918923,wheat
4469,460.93362,1718.2,-5.6,31.4,7.383573426,0.219480674,3.4,1.454580926,wheat
2773,613.1408,1037.2,-4.8,29.5,5.486385658,0.718554229,1.5,0.813399414,potato
4131,516.66833,1095.4,-5.6,32.6,6.286629902,0.700185569,1.2,0.572358085,maize
3381,764.19775,710.7,-4,28.5,6.573048289,0.459070951,3,1.588618312,wheat
837,790.03217,1111.9,-3.1,28.8,5.021361491,0.51591377,9.7,3.198501581,wheat
1735,779.5538,1435.4,-2.9,29.7,5.296714132,0.106637613,2.6,1.199726635,coffee
388,497.49493,1152.3,-5.7,30.8,5.717021283,0.519250854,4.2,2.436711802,cassava
4516,299.92496,1649.3,-7.1,32.6,6.865782858,0.000375458,2.2,0.818103271,banana
3870,603.9783,936.6,-5,28.2,5.175407916,0.714053258,1.4,0.753678327,potato
1947,498.10596,374.3,-6.4,31,5.313220138,0.013664556,2.8,1.840542944,potato
762,797.7817,1637.3,-2.6,31.6,5.567186648,0.259681998,11,7.81235075,tea
5293,771.7991,1581.4,-2.8,28.6,3.992535784,0.312923486,1,0.62054504,tea
758,696.38367,642.6,-4.4,31.5,4.540218024,0.205071155,1.2,0.63225326,potato
1603,510.2128,306.2,-6.4,28.4,5.62853208,0.107450362,9.1,5.840934609,potato
297,680.658,1533.4,-3.7,31.4,4.306534853,0.013086401,3.4,2.537824524,tea
4200,832.9359,625.4,-3.2,29.3,5.839186844,0.180244463,7.4,4.671507045,potato
4811,959.1869,850.7,-1.8,28,6.113444561,0.211440092,3.6,1.423347634,coffee
5405,906.57306,681.2,-2.4,28.5,4.338617399,0.283570445,0.7,0.332705171,potato
4,886.353,785.2,-2.5,31,5.721233806,0.043190275,1.5,0.832613971,wheat
1440,738.8291,1529,-3.2,30.5,5.112511734,0.383570281,1.1,0.767145301,tea
2119,376.53107,1835.2,-6.1,35,7.056357206,0.291578568,5,2.164695126,wheat
5599,684.10864,1905.7,-3.4,28.7,3.945225661,0.19125381,1.2,0.904531152,tea
3411,657.1393,1199,-3.9,29.2,5.247436642,0.045289023,1.5,0.623291703,wheat
3071,699.3865,566.9,-4.4,30.5,5.681898609,0.232990706,8.7,5.326167093,potato
2022,744.1646,1401.3,-3.1,30.2,4.831555222,0.129039291,1.2,0.866791297,tea
1471,589.1635,1318.6,-4.8,30.7,5.413547595,0.047758894,3.4,1.654950305,cassava
1350,785.3389,2245.1,-2.1,31.1,4.325624017,0.253696675,1.5,0.983355521,tea
927,714.98804,1362.3,-3.6,30.4,5.369133437,0.101334694,1.9,1.377146357,tea
4706,796.5412,1467.5,-2.7,28.6,5.423996802,0.057128176,1.8,0.956310563,cassava
1836,68.023636,1465.4,-9.6,34,6.454844321,0.00213644,0.5,0.21025439,banana
1113,282.95966,1618.8,-7.3,32.2,6.606885931,2.78E-05,3,1.5515613,wheat
5447,663.33936,1982.2,-3.4,29.1,4.92620844,0.15533519,3.8,1.378598181,cassava
4111,839.2661,1411.6,-2.4,32.4,4.980151298,0.074065948,3.2,2.184311699,tea
659,488.3734,1295.7,-5.7,32.6,5.466152959,0.009717066,1.9,0.910553372,wheat
2707,756.2342,1283.6,-3.3,29.1,5.541285447,0.369535785,9.6,4.987965845,cassava
914,669.2102,422.3,-4.8,28.8,5.310872818,0.195161067,1.4,0.827981421,potato
1892,472.6773,1954.5,-5.2,33.6,5.795520743,0.044571901,2.1,1.226071132,banana
3423,454.18573,1087.5,-6.2,32.2,5.245403826,0.609246615,0.9,0.496327851,cassava
3360,436.91107,1412.8,-6,32.8,5.58119705,0.009072596,1.3,0.869125918,rice
2986,566.8305,491.4,-5.7,33.8,6.182262374,0.282358323,1.6,1.095604471,wheat
4116,656.28357,1661.9,-3.8,28,4.241267687,0.085354099,1.2,0.936625176,tea
4551,863.02594,1403.3,-2.2,28.8,5.017303367,0.207049446,1.4,0.918513554,tea
2308,537.22186,414.3,-6,29.1,5.935687017,0.011879961,4.7,3.209695161,wheat
5440,793.55756,1817.4,-2.4,27.8,4.901760847,0.147403591,13.2,10.84455632,tea
178,746.5847,486.4,-4.1,31,5.719498422,0.298151641,3,1.785835497,potato
5575,897.5817,684.4,-2.5,30.1,5.083640968,0.307838578,1.7,0.93377582,potato
3408,480.27383,1237.7,-5.9,33.5,4.975716584,0.077333052,13,5.231241575,banana
664,821.0447,2243.5,-1.8,31.5,5.456048754,0.37333334,2.3,1.404095967,coffee
2895,715.3202,1072.6,-3.8,33,5.811126852,0.137442209,12.6,5.054496434,coffee
5212,856.2192,644.6,-2.9,28.8,6.101410682,0.147805062,4.8,2.944306471,maize
378,668.92944,1689.8,-3.7,26.9,5.172571725,0.092694526,12.5,6.447492137,banana
287,941.4087,782.8,-2,27.2,4.848963567,0.087614732,0.7,0.339978602,wheat
4526,418.27814,1791.6,-5.9,31.6,6.432091486,0.030692887,4.4,2.366108075,coffee
956,733.9847,899.7,-3.8,32.8,5.390242713,0.37821489,3.8,2.077707983,cassava
69,344.45914,1731.1,-6.6,32,5.266289934,0.02786805,1.4,0.586130485,banana
2015,472.8047,1580.6,-5.6,32.7,6.677039071,0.052282589,1.8,0.977938648,wheat
4928,443.10266,1570.2,-5.8,31,7.484682523,0.008724978,3.6,1.200611963,banana
5043,448.94537,1088,-6.2,31.5,5.907746775,0.571384035,0.9,0.528796556,cassava
544,503.58212,1111.3,-5.7,32,6.093316358,0.785333001,0.7,0.337052845,wheat
3465,535.8766,482.1,-6,30.1,4.942709769,0.022207132,1.2,0.711717511,wheat
5353,980.238,875.2,-1.6,27.9,5.94636924,0.207865721,1.7,1.029352557,wheat
4674,843.43085,628.7,-3.1,30.9,5.120247375,0.280787883,0.9,0.424943432,wheat
2821,860.2152,702.7,-2.8,30,5.554453464,0.093785309,8.3,4.835455049,maize
5009,733.56506,1289.6,-3.5,31.2,5.085774639,0.705332224,4.4,2.288245192,tea
5551,346.312,1768.3,-6.5,33.7,5.563320748,9.23E-05,13.9,6.519255574,banana
5561,782.91455,537.1,-3.7,30.8,5.328347477,0.307452162,2.8,1.707819413,potato
3586,723.218,1528.6,-3.5,29.4,5.301358409,0.069809175,4.7,2.251606866,cassava
2687,393.08252,1674.7,-6.1,33.4,6.885599645,0.197166155,0.5,0.243126406,wheat
1933,462.84045,1604.9,-5.6,32.4,6.180543298,0.054587166,7.4,3.677157998,coffee
1605,712.45154,499.3,-4.4,29.3,5.18958777,0.145284055,0.6,0.281956203,wheat
2043,462.55408,1835,-5.4,32.1,6.725604081,0.025501146,5,2.611470075,wheat
1208,526.04126,1116.7,-5.3,33.9,5.096585436,0.189745281,1.4,0.670598842,banana
1204,759.0634,1341.1,-3.2,29.1,5.412412382,0.029061967,2,0.97019207,coffee
1610,836.1712,1536.9,-2.3,29.5,5.241421669,0.086593133,1.3,0.628205465,cassava
4387,746.04333,1364.2,-3.3,30.9,5.273302681,0.017571703,9.5,4.88663778,cassava
2053,750.17285,1469.5,-3.1,29.7,3.722678861,0.105049417,0.5,0.300699171,tea
3090,386.84885,1344,-6.6,31.5,6.618068592,0.061390622,4,2.416700646,rice
1211,636.9009,1190.6,-4.4,28.8,5.36130219,0.216209775,11.7,6.46651475,wheat
2095,929.27606,1298.6,-1.7,30,5.369572954,0.069464893,3.5,2.140204055,tea
2471,754.902,540.1,-4,30.6,5.902375935,0.311038873,1.7,0.997387789,potato
3766,723.0279,1358.4,-3.9,27.8,3.877326716,0.11071732,1.9,1.160065099,tea
3389,373.4004,1696.1,-6.4,33.3,5.55463139,0.097182958,11,4.911615227,banana
5023,637.3801,1986.7,-3.7,32.2,5.297030575,0.328261794,2.1,1.717243957,tea
934,695.37177,438.5,-4.6,31.5,6.437051926,0.329686738,4.9,2.415977502,maize
4732,424.03534,1847.7,-5.8,32.5,6.202029589,0.00018647,2.1,1.155076181,coffee
1660,883.55865,624.4,-2.7,28.8,5.383687079,0.283491807,11.3,6.174800872,wheat
4198,599.60376,714.6,-5.2,35.1,5.275878394,0.15599322,4.5,2.738197864,wheat
4624,794.2216,1390,-2.8,28.9,4.304006638,0.038942677,4.1,2.698960973,tea
935,876.34204,1583.2,-1.9,28.3,3.721611494,0.090566475,0.5,0.284359448,tea
3192,812.1211,1152.6,-2.9,31.2,6.796232909,0.084373283,2.5,1.011665688,coffee
430,748.4479,2125.3,-2.6,30.2,4.028303768,0.358383835,7.7,4.78733919,tea
95,459.43204,1370.1,-5.8,32.7,5.710719074,0.102990343,1.8,0.91745669,cassava
4808,298.87646,1510.3,-7.2,34.4,5.735807613,7.85E-07,12.1,5.595394675,wheat
5231,490.64157,345.7,-6.5,31.7,4.560090614,0.039668412,1.2,0.677270518,potato
1812,739.653,1778,-3,29.4,5.586714927,0.050653976,6.6,4.136367224,banana
3011,508.23248,651,-6.1,30.7,4.821640237,0.212866328,3.3,1.74136131,maize
826,902.3298,715.8,-2.5,29.5,5.900528077,0.118907644,1.9,1.196626214,maize
4488,679.2073,1221.5,-4,29.7,5.596000004,0.052818778,1.2,0.577823547,wheat
126,602.4487,665.4,-5.2,29.4,5.574501174,0.201647777,1.5,1.015961595,potato
3956,629.52826,372,-5.2,30.3,4.910855248,0.268905323,0.7,0.388112054,wheat
5373,641.57745,989.7,-4.6,30.5,5.119275831,0.266832942,1.9,1.012765269,potato
3633,703.1665,1430.1,-3.6,31.2,4.554395574,0.094619239,4.1,1.618420348,cassava
4568,854.3963,878.3,-2.7,31.9,6.193514099,0.275951387,14.5,8.709084994,wheat
4917,603.14307,626,-5.3,32.1,6.497485302,0.287102855,3.9,2.617767477,maize
2286,662.44806,837,-4.5,29.3,5.802437369,0.226611676,1,0.569464598,potato
2020,282.8629,369.2,-8.4,34.4,5.034818554,0.007988956,1.9,1.029304147,wheat
945,696.01654,1748.3,-3.4,30.4,4.924488159,0.12405556,4.7,3.962329163,tea
648,830.35297,587.5,-3.2,29.1,4.999228766,0.25505473,1.1,0.664598457,potato
4976,668.1739,937.6,-4.4,33.1,5.931923245,0.64421945,3.5,1.004090027,coffee
3399,663.6783,840.4,-4.5,31.6,4.896680258,0.236291605,2.7,1.442433556,potato
3096,703.1617,820.1,-4.2,32.7,5.679157079,0.263422004,7.3,4.243013475,potato
2155,591.82074,1088,-4.9,30.7,5.129090476,0.916102874,4,1.939080766,potato
2143,668.99396,1500.9,-3.9,29.9,5.168539375,0.011734948,2.5,1.968004441,tea
443,694.6692,1844.1,-3.4,32.9,5.594169858,0.116564775,2.6,1.639161254,banana
3702,262.37576,1349.3,-7.7,34.4,4.431825055,5.18E-08,6.8,2.226585351,banana
2406,343.05075,1715,-6.6,32.8,5.516110238,0.025911456,12.2,7.198206974,rice
1458,281.0364,1693,-7.2,33.5,6.182451469,0.011364197,2.8,1.625443624,rice
783,521.5132,1109.7,-5.7,31.2,6.301336359,0.855943771,4.9,1.508536545,coffee
1504,728.50226,1542.5,-3.3,29.5,5.274552774,0.077549623,1.1,0.530712903,banana
2332,738.1334,489.4,-4.1,29.9,5.52193905,0.351560399,0.6,0.255745554,maize
2006,604.38135,907.1,-5,31.3,5.308023874,0.113669741,8.8,5.208228102,wheat
1773,741.7553,1847,-2.9,29.1,5.503306347,0.165179477,12.3,7.438521232,banana
3610,709.53156,461.8,-4.4,28.8,6.28262187,0.301840288,0.8,0.442444276,wheat
4812,789.2063,609.3,-3.6,30.1,6.386790325,0.261340578,1.2,0.719464669,wheat
1364,666.98236,545.2,-4.9,29.8,6.247013889,0.222078685,3.9,2.234776798,wheat
333,577.2653,385.2,-5.7,29.8,5.316829207,0.122385612,1.8,1.185730826,potato
3911,537.2899,1008.8,-5.5,29.4,5.529203956,0.914935023,2.2,0.899244689,wheat
3713,662.20825,879.8,-4.5,30.2,4.930591992,0.498610699,4.1,1.89121384,cassava
4724,758.492,2093.2,-2.5,31.9,3.997786569,0.270227929,1.4,0.904449559,tea
4756,799.6236,1795.6,-2.4,27.5,4.057018008,0.164921446,0.7,0.504075128,tea
4166,636.2264,434,-5.1,32.1,4.684126594,0.15045143,0.7,0.421115503,potato
4064,461.33395,1959.5,-5.3,30.9,5.817231929,0.038602271,1.2,0.663894202,coffee
4367,367.62817,1849.9,-6.3,32.7,6.361664326,0.147002553,0.7,0.347165224,wheat
3851,811.4883,557.4,-3.4,27.4,5.491357581,0.266955469,6.8,4.275146143,potato
1184,420.35373,1578.4,-6,31.2,5.29964015,0.077166407,1.1,0.685240284,rice
5015,569.68024,1404.6,-4.9,31.4,4.222239308,0.02153608,11.4,3.946919422,cassava
318,713.039,1138,-3.7,30.6,5.774410367,0.135166178,4.1,1.964325339,wheat
60,909.26044,1405.4,-1.8,31,5.366401241,0.063128676,2.7,1.208650225,coffee
2315,223.0227,1577.2,-7.8,33.6,5.638974862,0.001149828,3.1,1.3660972,wheat
3470,837.18915,1102.1,-2.7,27.7,5.471494187,0.141275327,4.1,1.983495081,wheat
4398,562.13806,326.6,-5.9,30.6,4.588042026,0.228161588,1,0.551563099,potato
2004,660.7559,517.4,-4.9,31.2,6.322025782,0.446075682,11.4,5.393375706,maize
5432,322.6378,1721.7,-6.8,32.4,7.331908648,0.007117169,4.5,1.568473825,banana
2674,680.0387,1903.7,-3.5,30.5,4.680212506,0.212413361,4.2,2.082596811,banana
2373,626.92004,758.8,-4.9,28.3,4.906978577,0.129361456,10.3,6.521148251,potato
3073,100.13457,1510,-9,34.6,7.316254065,0.000178741,2.7,1.274722341,wheat
2965,485.76596,225.6,-6.7,29.4,4.914984573,0.17477678,1.3,0.749483431,potato
175,832.8712,1337.3,-2.5,32.2,4.037738831,0.633529206,3.6,1.4794964,tea
4549,675.9259,1247.2,-4,31.3,4.099672396,0.029465928,4.2,2.761793277,tea
541,313.19266,1533.5,-6.8,32.5,6.559097968,1.57E-07,1.6,0.625364151,banana
5505,882.0909,684.1,-2.7,30.5,5.02707502,0.243969462,5,2.298688881,tea
2093,600.6866,608,-5.3,31.1,4.767422921,0.049611042,2,1.285937221,potato
4487,601.47534,1033.6,-4.9,31.1,4.92370032,0.912449291,4.4,2.170979634,cassava
4728,720.31165,2204.5,-2.8,31.5,4.006024066,0.346581932,2,1.231662147,tea
4782,505.30185,290.5,-6.4,32.2,6.241408653,0.161413471,4.8,2.889377428,maize
824,638.84985,1188.7,-4.5,30.4,5.027000667,0.207132743,3.8,1.878320449,cassava
404,380.71686,1786.7,-6.2,32,7.108012193,0.130938883,1.7,0.66077578,banana
4186,770.156,2148.9,-2.2,30.6,5.372167415,0.349079243,2,1.151840898,coffee
4595,661.1981,921.2,-4.5,30.4,5.682232453,0.593224597,3.7,1.370204118,wheat
4146,403.9223,1705.2,-6,33.4,5.892485136,0.11936777,12.9,6.188166856,banana
5497,721.34326,1072.2,-3.8,28.9,5.76533363,0.835390823,11.6,5.965832103,cassava
2712,316.45935,1704.9,-6.9,32.8,6.850051676,0.032659735,0.9,0.447354329,wheat
972,723.325,474.6,-4.3,30.3,6.256145652,0.304452759,2.6,1.324046902,maize
916,703.14374,1897.9,-3.2,30.5,5.932919251,0.173057221,10.9,6.833768776,coffee
2014,469.02,1541,-5.7,29.6,6.891400012,0.035805697,1.8,0.954922957,wheat
3984,905.18555,1124.2,-2.1,26.1,6.037766982,0.410612003,1.2,0.389806406,coffee
4483,568.40625,396.7,-5.8,31.5,6.608946582,0.063766638,2.5,1.616375052,maize
804,466.16754,1673.1,-5.5,32.3,6.645574973,0.286965777,5,2.03059842,banana
4416,580.9582,1237.1,-4.9,33.3,4.205016747,0.16333736,13.1,4.877479821,cassava
547,812.91626,644.8,-3.3,30.3,6.416530153,0.249152885,12.5,7.272523364,maize
4298,852.2843,1428.6,-2.3,32.4,4.484499083,0.181749533,1.8,0.765215375,cassava
3236,605.18964,1091,-4.8,32.9,5.014330699,0.404911014,13.7,6.687659855,wheat
3686,736.73376,1355.7,-3.4,30.2,4.510475785,0.019025077,2.1,0.911455713,cassava
2413,520.282,1480.7,-5.2,30.1,4.712636282,0.009564733,10.4,3.995220226,cassava
2499,920.44775,1327.1,-1.7,28.2,4.493361171,0.072317644,12.9,7.856498322,tea
4071,764.915,1138.7,-3.3,32.7,4.511513843,0.839794761,1.7,0.556940524,tea
5191,600.01056,1089.7,-4.9,30.6,5.530305397,0.063405246,1.1,0.70475132,potato
3390,682.67737,798.1,-4.4,30.3,5.847997258,0.27114561,1.9,1.07726359,potato
2993,873.91547,829.6,-2.6,28.5,4.862108639,0.249575588,2.6,1.324776823,potato
3240,442.32376,1385.7,-5.9,30.9,6.430875652,0.007092521,0.6,0.338175726,wheat
2662,746.32446,1346.9,-3.3,31.4,5.514051264,0.028306154,4.9,2.628857617,cassava
4148,590.2136,437.9,-5.5,32,6.376911876,0.098787141,0.8,0.474994356,potato
2000,655.00037,1639.1,-3.9,32.5,4.864779002,0.158703647,8,2.958230252,cassava
5516,350.17694,1823.8,-6.5,35.8,6.018536409,0.232435095,2.6,1.394732279,coffee
1003,711.1138,1182.1,-3.8,27.5,5.393200168,0.907649543,0.7,0.174857433,wheat
3493,641.5185,1303.4,-4.3,29.9,4.645229933,0.877604075,1.6,0.852640932,tea
5476,857.2982,639.7,-2.9,28.9,5.276380487,0.166749122,4.6,2.512282345,maize
1967,787.12054,1473.5,-2.8,29.5,4.380500277,0.054998202,5.1,1.950366896,cassava
4849,790.723,621.2,-3.6,29.4,4.502572983,0.056968871,1.6,0.897644591,potato
1074,669.39624,802,-4.5,27.7,5.222161985,0.137260647,0.6,0.318440221,cassava
1797,795.66144,697.1,-3.4,30.9,5.287726733,0.207007911,0.7,0.434304758,potato
3729,821.20056,608,-3.3,32.8,6.213096747,0.166524581,14.8,8.649656672,maize
4332,391.16443,1643.9,-6.5,33.9,6.024238214,0.00010664,4.5,2.132926563,banana
401,635.8302,1082.5,-4.5,34,5.916493113,0.053673407,12.1,5.857420921,coffee
5267,726.4972,625.1,-4.1,31,6.316042703,0.427248897,1.1,0.568583157,maize
3189,711.23914,491.3,-4.4,28.6,4.953575659,0.16314944,2.7,1.561665291,potato
366,625.9631,1127.9,-4.6,29.6,6.650922265,0.255544817,2.6,1.537173745,maize
3061,731.8739,883.3,-3.8,29,5.393302538,0.368176053,0.9,0.376709128,wheat
2485,754.4395,760.6,-3.8,29.7,5.351269324,0.264381577,1.7,1.018561578,potato
490,389.38843,1806.2,-6.1,32.2,6.216652633,0.002984762,9.9,6.065325292,rice
846,714.7195,831.7,-4,28.5,6.488433154,0.363035778,4.6,2.449902484,wheat
2831,291.20154,1724.7,-7.2,32.9,5.790368297,0.296608335,0.8,0.429210284,rice
3112,792.62036,569.2,-3.6,29.8,4.792013669,0.308644792,1.6,0.707964203,wheat
3673,480.25378,1619.5,-5.4,30.9,5.276440848,0.204183582,1.7,0.700151071,cassava
4380,620.51733,608.1,-5.1,28.3,6.194350601,0.234162585,3.2,2.303786614,wheat
1452,810.8162,1402.4,-2.7,30.8,5.41407319,0.03534618,4.2,2.156942135,cassava
5614,597.5318,1906.7,-4.1,30.5,5.919849695,0.304689317,0.8,0.379039762,coffee
778,981.6874,880.8,-1.6,28.4,5.786335319,0.206552446,6.5,3.645506107,wheat
3768,555.09955,1122.1,-5.2,28.4,6.432438081,0.783423156,3.1,1.58660358,wheat
194,667.496,1655,-3.7,30.5,4.331604897,0.158710424,3.8,2.968855592,tea
4295,820.36334,1453,-2.5,29.6,4.948463495,0.05900068,7.9,5.538826199,tea
4390,785.38055,578.4,-3.6,30,5.101361577,0.298072689,5.6,3.360244742,potato
2702,783.00726,2031.7,-2.3,31.3,4.507957125,0.300382698,2,1.4517571,tea
3283,717.1712,843.3,-4,31.8,6.099889274,0.347947863,3.5,1.69713743,maize
2077,688.7125,1480.7,-3.7,31.2,4.760547679,0.413817663,0.7,0.267432252,cassava
1908,323.5896,1792.3,-6.7,33.7,6.399518738,0.052854848,4.1,2.296210876,coffee
3856,651.7667,594.1,-4.8,28.8,5.404812589,0.184587438,1.7,0.757471711,maize
2459,734.9242,507.9,-4.2,30.2,5.643690308,0.309446085,6.7,4.011681524,potato
4364,511.7637,2007.5,-4.8,31.7,6.717394683,0.04101158,2.9,1.502572395,wheat
2524,293.61716,1555.7,-7.2,32.4,7.337138516,1.36E-06,12,5.725810469,rice
5529,785.7696,1755.1,-2.6,28.6,5.071782175,0.03280053,1.4,1.130522666,tea
523,849.68005,653.6,-3,27.5,5.302916024,0.251466907,3,1.841833119,potato
5118,378.88702,750.6,-7.2,32.8,5.724289372,0.811903264,0.6,0.293612151,maize
5282,596.6748,845.2,-5.1,32.9,6.350540865,0.135672002,9.2,6.522104203,wheat
3958,493.02084,1600.5,-5.4,33.3,6.704098653,0.023460078,2.7,1.474968168,wheat
624,838.43396,777.8,-3,31,4.535708585,0.197063411,2.4,1.178233371,tea
1927,902.12854,1364.5,-1.9,27.8,5.077624244,0.231328526,3.7,1.818472091,cassava
1326,374.59125,1822.8,-6.2,30.9,7.194281846,0.299893348,1.6,0.66185082,wheat
1414,534.3043,707.5,-5.8,31.6,6.227169197,0.012651195,1,0.622038073,potato
5570,784.0209,547.7,-3.7,28.3,5.457287824,0.268391914,2.7,1.680075033,potato
4867,772.6632,1768.4,-2.7,33.2,4.812250984,0.139701594,1.7,1.378842924,tea
1142,890.534,1265,-2.1,30.8,4.430159398,0.040937903,1.5,0.912611401,tea
4027,686.7138,635.5,-4.5,30.5,4.743184618,0.050333497,1.4,0.609133445,maize
1376,660.65173,1603.4,-3.8,28.8,4.330086724,1.36E-08,3.4,2.648997011,tea
2925,698.7803,807.8,-4.2,31.3,6.625849407,0.197392931,2.1,1.097079768,maize
4094,525.8007,563.4,-6,32.4,5.419372906,0.064767557,2.4,1.393644205,maize
4902,837.2648,1686.8,-2.2,31.2,5.087173592,0.36573589,3.7,1.516619049,cassava
2505,546.641,1751.7,-4.7,31.4,6.453859352,0.039914677,9.9,4.932533634,coffee
2463,700.7473,1377.6,-3.7,32,5.498405187,0.884547283,0.9,0.269343025,banana
5245,962.65515,829.3,-1.8,29.7,6.467735284,0.055699585,1.6,0.975890169,maize
5084,418.5077,1817.6,-5.8,31.2,6.892136173,0.005762355,1.4,0.621458169,banana
2408,178.15222,1603.8,-8.1,33.3,6.981437673,0.002263136,4.7,2.323934679,wheat
81,683.9345,1638.1,-3.6,31.8,4.405833109,9.94E-09,0.9,0.31126023,cassava
2136,754.914,556.7,-3.9,31.5,6.745905246,0.172347153,2.5,1.281022766,potato
4574,236.7544,1604.6,-7.7,34,5.973094503,4.31E-05,12.1,5.251094998,banana
880,913.35565,1282.8,-1.8,29.9,4.570972223,0.050159692,2.5,1.534407401,tea
1463,588.07635,1165.1,-4.9,30.7,5.529023838,0.347589732,2.7,1.634984595,cassava
4844,696.022,1401.5,-3.7,29.9,4.338308584,0.050773067,0.8,0.570591571,tea
4120,658.2317,1420.9,-4,28.8,5.016694458,0.415300193,6,2.34601522,cassava
314,544.7251,1037.1,-5.3,33.7,6.458129087,0.74693763,0.7,0.36923328,wheat
1873,757.8065,515.4,-3.9,30.8,6.242386343,0.309452529,1,0.564136013,wheat
5021,678.9786,2013.5,-3.3,31.8,5.650625957,0.193256545,6.6,4.191997263,coffee
4762,662.8209,1865,-3.6,27.9,5.268981618,0.120522858,7.1,4.072153822,banana
2232,424.11157,1447.4,-6.2,31.9,7.125080954,0.073474448,2.5,0.820807321,banana
5424,847.20715,1790.4,-2,27.5,4.776571837,0.12826539,1.7,1.332798078,tea
640,747.2899,972.9,-3.8,32,6.058899067,0.677994909,3.8,2.010297842,cassava
2179,710.0359,1777.5,-3.3,31.2,4.55784587,0.082219439,0.7,0.586715592,tea
234,603.406,1725.3,-4.2,31,5.559410908,0.127775005,4.3,2.181832473,banana
4641,780.80206,762,-3.5,28.7,5.651251562,0.459052888,7.4,3.245386131,maize
1080,462.0987,1569.5,-5.7,34.1,5.202755765,0.079553497,14.9,10.51278045,rice
5145,377.96777,1414.1,-6.5,34.1,5.945713005,0.051642864,4.4,2.849605081,rice
1095,697.30554,1835.2,-3.3,31.1,4.410784703,0.084455014,9.1,7.766155607,tea
4888,514.06445,1166.8,-5.6,30.7,5.637338377,0.745159318,3.8,2.096715487,cassava
619,762.97943,1044.7,-3.4,27.9,5.444941095,0.127673018,1.2,0.550221328,wheat
3224,772.0555,515.7,-3.9,29.8,5.364441635,0.331773892,1.2,0.723088076,potato
3115,300.43658,1711.8,-6.9,31.7,7.133975769,0.015102838,1.8,0.844208118,rice
262,276.6052,1719.7,-7.2,34.2,6.112775137,0.285715682,2.7,1.442377176,rice
4583,819.1848,639.9,-3.3,29.4,6.26090668,0.182777851,13.4,7.712407347,potato
1673,337.76413,1637.5,-6.7,33.4,6.734644316,2.80E-06,12.1,6.904904611,rice
5442,820.68616,637.3,-3.3,26,6.223750042,0.295643408,1.8,1.014578218,potato
3466,615.82733,1387.3,-4.5,32.1,6.575917301,0.052218594,2.7,1.165439743,coffee
4072,340.18655,1743.9,-6.7,34.4,6.214864726,0.011915269,3.1,1.486258956,banana
241,505.25302,1976.2,-4.9,29.7,6.412576356,0.022560852,1.4,0.819373058,banana
147,638.26935,1343.6,-4.2,30.1,5.201093315,0.771090446,2.2,0.889838402,cassava
4264,758.77356,1235.5,-3.3,32.4,4.605919899,0.29343897,4.7,1.969854854,cassava
4854,373.09207,1793.1,-6.3,34.1,5.207197269,0.001268348,0.5,0.218964335,banana
4618,841.04315,588.4,-3.1,30.5,6.289353266,0.221955797,4.7,2.998934903,maize
4187,358.4658,1693.8,-6.5,32.5,6.523888821,0.077856544,14.7,7.609090598,wheat
572,761.5491,529.4,-3.9,31.5,5.675683193,0.310395486,4.8,2.402961561,wheat
2221,111.650955,1546,-8.9,31.8,6.741078374,0.022199604,5.8,3.082143361,wheat
5613,417.43506,460,-7.1,29.8,5.604309774,0.00250302,3.8,2.511488865,potato
2982,630.4427,921.6,-4.7,28.4,5.904784928,0.082705388,10.8,6.794898061,maize
398,701.29846,1023.5,-4,30.7,6.414491108,0.405098079,8.4,3.774831819,maize
1794,680.40753,884.5,-4.3,29.5,5.772554275,0.384341538,14.7,6.630391401,wheat
4174,755.3858,2251.5,-2.3,30.8,5.661922642,0.368389781,2.7,1.789626568,coffee
5184,639.9337,561.9,-5,33.4,5.207249479,0.346752764,1.6,0.921006184,potato
819,725.89374,1106.4,-3.7,30.4,5.127946431,0.101369536,12.3,5.188036482,wheat
5586,769.99286,945.9,-3.4,28.3,6.254255673,0.262338354,0.7,0.379502937,wheat
2644,807.03033,2318.4,-1.9,27.4,5.591825153,0.349542102,8.9,4.900920534,banana
1084,263.2158,1686.1,-7.4,31.9,5.62685526,0.003613701,3.6,1.541199632,wheat
889,924.0038,985.4,-2,26,5.583777474,0.264226951,1,0.59967409,potato
3168,333.22452,1712.7,-6.7,33.5,5.720400118,0.026363757,3.4,2.035819012,rice
2817,820.0144,1463.7,-2.5,29.2,4.301273813,0.054200348,0.7,0.461575163,tea
294,882.8078,631.2,-2.7,31.8,5.692554404,0.3027391,1.4,0.77539593,wheat
4020,660.10785,409.3,-4.9,31.6,6.407455255,0.300980035,0.8,0.388137662,maize
3198,808.80945,773.7,-3.2,31.7,5.878251434,0.261144368,2.8,1.650726164,potato
265,617.0832,1181.8,-4.6,29.5,5.824166533,0.092836896,0.8,0.387867793,coffee
3339,615.3254,1939.1,-3.9,28.7,5.632685681,0.318658882,0.6,0.268000984,coffee
1345,553.2653,1719.8,-4.7,32.7,6.309999968,0.284222128,1.8,0.825127161,coffee
2164,811.3704,478.4,-4.2,28.6,5.444433244,0.212683607,0.9,0.562390223,potato
1203,567.62573,411.2,-5.8,32.3,5.156375016,0.054222684,0.6,0.358057269,wheat
4930,569.56757,1061.4,-5.2,31.5,5.868879865,0.800028503,1.6,0.749021183,wheat
4262,465.44757,1874.2,-5.4,32.9,6.777337437,0.069681236,3.5,1.695814583,banana
2852,820.2309,556.9,-3.3,28.6,6.37609902,0.23633695,7,3.866931154,potato
1652,645.5336,1108.6,-4.4,31.5,4.732638176,0.22518573,2,0.744327661,wheat
5404,423.89645,252,-7.2,32.7,6.126747633,0.024445977,1.7,1.128694534,wheat
3238,788.16364,947.4,-3.4,31.3,5.472832844,0.201742376,1.2,0.7113153,potato
1052,719.7445,1247.2,-3.6,31.3,4.60058693,0.035069841,2.7,1.906471486,tea
2436,706.42114,1220,-3.8,32,4.254801199,0.118413575,0.6,0.39666803,tea
2715,846.6089,1333,-2.4,28.5,4.472517989,0.156820805,8.5,3.709753682,cassava
4026,801.112,2329.6,-1.9,30.5,5.409298615,0.331302075,3.1,1.989220139,tea
3287,768.33997,1349.7,-3.1,27.9,4.510429561,0.053833914,2,1.379902496,tea
5164,792.9766,1285.5,-2.9,28.1,4.210805661,0.458547382,8.7,4.622340006,tea
5300,518.87695,1997,-4.8,31.9,5.464655944,0.020985868,0.5,0.199405544,cassava
1618,409.68567,1301.2,-6.4,33.2,5.271597363,1.01E-09,4,1.739678764,banana
591,278.64334,1676,-7.2,32.7,7.017263247,0.022323065,1.9,0.917073924,rice
5445,862.32684,1349,-2.2,29.2,5.881824142,0.142770728,13.6,7.862636249,tea
4043,768.8641,1246.3,-3.2,32.5,5.480116851,0.484894188,15,7.37823426,cassava
497,372.5474,1367.7,-6.7,33.7,4.895354471,0.040691291,7,4.19421826,rice
3443,717.0108,878.4,-4,32.7,6.479805792,0.150036359,2.3,0.97834354,coffee
1638,437.6333,169.2,-7.2,31,5.758009514,0.086879668,1.9,1.148401616,wheat
4330,647.2512,801,-4.7,31.5,4.986405798,0.060402936,1.9,0.843261586,wheat
4995,634.2844,1834.3,-3.9,29,5.688204071,0.088753228,0.8,0.452312907,banana
3302,789.80206,1358.1,-2.9,29.6,5.046068688,0.02580768,5.1,3.566084587,tea
4914,736.28296,855.1,-3.8,27.4,6.144053565,0.398885413,3.8,1.82153378,maize
5180,409.2911,1534.9,-6.2,32.2,5.708219704,4.28E-08,4.5,2.136285582,wheat
3769,579.17303,386.2,-5.7,30.2,5.56552276,0.103630526,1.8,1.131180809,wheat
4826,699.61786,770.6,-4.2,29.6,5.85057546,0.262080177,1.8,0.917955436,wheat
3476,556.1399,1829.5,-4.6,30.2,7.174313413,0.135691616,0.9,0.377720312,coffee
2858,494.76767,1879.7,-5.2,36.7,7.481232163,0.072822135,9.5,4.051613052,banana
3033,253.1362,1672.4,-7.5,34.8,6.651633207,0.001855121,4.8,1.890072005,banana
5494,626.9848,605.6,-5.1,31.1,6.102836907,0.029460337,2.4,1.681999659,maize
3566,659.19183,1472.3,-4,28.4,4.992465825,0.015709269,4.3,3.380104336,tea
3893,471.7928,908.1,-6.2,31.8,5.339164178,0.8821199,1.1,0.580836794,cassava
1443,385.39005,1674.1,-6.3,29.2,5.870553052,1.33E-06,0.6,0.381953316,rice
263,392.29877,1697.7,-6.2,34.1,7.050420754,0.153943982,2.8,1.323132486,wheat
4230,184.3587,1609.5,-8.2,32.9,5.528806913,0.001221264,0.7,0.292065048,banana
2777,871.1677,670.8,-2.8,29,4.975889563,0.214373348,0.7,0.32244008,tea
2732,596.35175,422.8,-5.5,32.7,4.993904271,0.100596224,4,2.560694901,potato
2525,444.2867,1769.8,-5.7,32.7,5.826984765,0.089652654,3.3,2.110092348,rice
1098,635.79034,423.4,-5.1,28.1,5.899879247,0.142821695,1.3,0.884626094,wheat
2855,960.0924,794.4,-1.9,27.6,5.235891898,0.224343711,4.5,1.937739799,tea
1276,820.06006,1100.9,-2.8,29.1,4.939950195,0.037296927,9.9,4.306414215,wheat
3505,751.1485,554.3,-4,31.4,5.644735628,0.139160522,1,0.634122273,potato
3063,843.31506,845.7,-2.9,30.6,5.911530579,0.22455626,1,0.520530258,maize
5468,88.71992,1509.9,-9.1,34.7,6.917471518,0.001036283,1.3,0.655521287,rice
5322,639.05304,1135.1,-4.5,32.1,4.821581577,0.082761039,4.4,2.150640867,cassava
393,712.7882,1675,-3.3,30.4,5.115645948,0.11914569,0.6,0.485346953,tea
4982,974.69855,1387.6,-1.2,30.9,4.960029955,0.079119406,14.5,8.866577459,tea
639,371.51312,1781.3,-6.2,35.4,5.284847561,0.036178521,1.3,0.728416841,rice
1913,586.5324,373,-5.6,27.3,5.605495308,0.16591686,4.8,2.994245567,wheat
1820,648.3559,692.1,-4.8,32.8,5.16015759,0.275602427,1,0.57653891,potato
137,614.2358,1179.2,-4.7,32,6.042677795,0.42037079,2,1.166828413,wheat
3583,879.6223,1365.8,-2.1,29.7,5.555644864,0.104294,4.9,2.335254584,coffee
386,433.93597,1707.2,-5.8,32.2,7.160703264,0.04025193,5.8,2.223403783,banana
2451,621.83356,984.4,-4.8,30.9,5.59085773,0.887892151,0.8,0.459430169,cassava
4509,893.1322,688.4,-2.6,30.2,5.011323786,0.265047357,3.1,1.434028765,tea
1474,267.11285,1600.8,-7.4,32.2,6.728554472,7.07E-05,6.3,3.212741883,wheat
609,756.6148,515.5,-4,30.8,5.626455421,0.307373237,1.9,0.935208953,wheat
4940,885.56525,1509.3,-1.9,29.5,5.04618865,0.093384111,3.2,1.477748585,cassava
1285,870.8868,904.9,-2.6,26.9,4.436310469,0.259786149,2,0.84275631,tea
4413,769.474,2113.4,-2.4,30,4.002131087,0.330469457,4.3,2.663834139,tea
5317,709.03674,1602.7,-3.4,30.3,5.544728297,0.179778653,3.8,2.02149814,coffee
2147,507.41687,1352.4,-5.5,29.3,4.825152145,0.008043771,3.6,1.453735051,cassava
3835,860.4339,1779.1,-1.9,28.3,4.997154205,0.24453371,2.4,1.821012823,tea
4340,867.50305,1376.7,-2.2,27.4,5.420761645,0.25234311,11.6,7.305840525,tea
3651,365.4722,1440.1,-6.7,33.2,6.443305297,0.031610684,3.3,1.318264313,banana
3049,622.0514,372.9,-5.3,31.8,6.463079692,0.318403351,4.9,3.347683979,wheat
4921,777.1347,923.2,-3.4,28.7,6.57344959,0.222414928,10.8,6.074408143,wheat
5046,567.60315,1364.7,-4.9,26.9,5.385153741,0.019288938,2.7,1.290621412,cassava
1531,546.1498,1483.9,-5,33.2,6.258444202,0.045203227,1.1,0.509631465,coffee
4664,829.1765,1475,-2.4,31.5,5.408109848,0.105132078,9.4,4.842694405,cassava
1060,767.55615,1720.1,-2.8,27.8,5.576051238,0.205203842,2,1.071419045,coffee
974,674.5443,1618.1,-3.5,31.3,4.642112762,0.146111601,1.2,0.960776299,tea
5292,726.0872,1311.6,-3.5,31.8,5.201054641,0.322808012,2.6,1.190904787,cassava
906,422.5767,243.7,-7.2,33.1,6.014783875,0.023471698,1.3,0.845673901,wheat
1277,695.1945,1032.4,-4,31.7,6.204148087,0.361518451,1.9,0.85610199,maize
2918,794.03265,555.1,-3.6,31.6,5.339621079,0.248220743,10.4,6.495459052,potato
3140,703.3587,672.8,-4.3,30.2,5.288757491,0.434130757,0.5,0.207498256,wheat
5027,762.8511,1196,-3.3,27.4,6.462065452,0.398219105,4.7,1.637769311,coffee
649,561.06793,1630.2,-4.8,29.2,5.51094231,2.04E-08,2.5,1.152257999,cassava
694,774.3505,1170.4,-3.2,27.2,6.24447266,0.482681768,7.5,3.431769542,wheat
4748,666.52606,750.9,-4.6,31.7,5.393194153,0.406067218,0.7,0.275403528,maize
3220,593.69073,742.5,-5.2,28.9,5.414601913,0.118655448,3.2,2.16299444,potato
91,636.7583,999.6,-4.6,32.7,6.688992315,0.340423741,2.9,1.893455123,wheat
2928,870.53033,846.1,-2.6,27.6,5.290945047,0.256296157,4.2,2.025430094,wheat
4586,805.4772,1764.5,-2.4,29.2,4.666637199,0.214700232,1.1,0.85738281,tea
5428,551.8206,803.7,-5.6,32,6.332017308,0.180805447,1.4,0.979051675,wheat
280,587.8492,737.8,-5.3,32.6,6.016793916,0.205027441,1.2,0.81892423,wheat
331,595.4138,1989.6,-4.1,31.7,6.137553768,0.069288351,1.5,0.807476234,coffee
2424,740.156,813.4,-3.8,31.4,4.934165973,0.218515389,1.6,0.796311085,cassava
2058,468.65497,1592.2,-5.6,32.9,7.316799922,3.58E-08,7.4,2.62701792,banana
4885,509.59415,1235.7,-5.5,33.4,5.455914,0.085539678,3.4,1.612057727,cassava
3619,925.8756,867.6,-2.1,29,4.810541319,0.212125353,1.6,0.905223127,potato
1974,580.7956,430.5,-5.6,32.7,6.478684889,0.07091966,7.7,5.086653798,maize
1310,778.377,973.8,-3.3,30,6.679370217,0.458276011,6.5,3.203654923,wheat
2792,903.34326,776.9,-2.4,31.7,6.494345559,0.208644966,0.9,0.545263258,wheat
829,664.95166,1950.8,-3.5,32.5,5.575052985,0.187310652,2,1.222593687,coffee
1072,687.4769,460.9,-4.6,31.1,6.024592254,0.212218822,2.4,1.35769192,potato
3038,642.4082,635.3,-5,27.1,5.204687142,0.176946336,1.4,0.650240563,wheat
1219,692.22076,988.7,-4.1,28.9,5.877975509,0.184415476,1,0.591654963,cassava
3612,825.08325,607.1,-3.3,29.9,4.56119594,0.178328852,0.9,0.446034737,tea
723,760.91797,1742.2,-2.8,30.6,5.286947639,0.056446168,11.3,9.153510048,tea
1956,306.47552,1658.6,-7,31.6,5.414917976,0.025525419,0.7,0.287316576,banana
2157,893.15924,1181.3,-2,28.3,4.839073897,0.544618361,3.7,1.315996098,tea
2621,483.6861,1867.5,-5.4,30.3,6.09865275,0.067795745,2.9,1.609497409,banana
687,874.33307,1161.9,-2.3,27.6,5.731601074,0.120395182,3.2,1.662104793,wheat
5132,524.4097,1104.6,-5.5,29.5,6.490775809,0.833410303,2.3,0.707598411,coffee
3931,647.0724,1774.8,-3.8,30.5,5.212923838,0.11738394,5.7,2.4437453,cassava
1824,756.7193,1016.1,-3.5,32.7,5.739434667,0.022629218,6.3,2.453623571,coffee
2516,575.6155,488,-5.6,28.7,6.341649771,0.02330567,9.7,7.146530311,wheat
896,705.11145,2069.1,-3,29.4,4.79579418,0.198286499,3.1,2.445260785,tea
2249,614.38666,359.9,-5.4,29.5,5.015112125,0.349770455,1.4,0.839121548,potato
1562,514.51306,248.8,-6.5,31.7,6.481416757,0.20519605,2,1.058195078,potato
1534,884.85846,1448.7,-1.9,28.1,4.038670797,0.08277127,3.8,2.191649017,tea
4708,801.5376,811,-3.3,30.1,6.390190832,0.294598514,2.5,0.871981076,coffee
5486,595.29865,938.5,-5,30.7,5.136515259,0.881789139,3.7,1.920936516,cassava
1132,810.49603,1415.4,-2.6,29.3,4.178054959,0.189033747,1,0.621164143,tea
4681,508.7737,1472.8,-5.3,31.9,5.765055717,0.010062637,5.4,2.901772338,banana
1294,740.9102,600.1,-4,30.8,5.328644776,0.272745524,14.8,6.577923433,maize
5248,779.608,1405.6,-2.9,27.3,4.601477552,0.995413396,1.4,0.420133464,cassava
1377,699.1093,607.4,-4.4,31.3,4.959400883,0.234932278,3.1,1.803756658,potato
2432,434.8506,1063.9,-6.4,31.3,6.746825893,0.610854762,3.2,1.592233377,maize
3212,682.8676,818.8,-4.4,28.5,6.497911386,0.224346936,4.9,2.749949189,wheat
158,500.32855,1105.6,-5.7,32.2,6.274752331,0.64789309,12.7,4.537735152,coffee
4103,204.46739,1595.2,-8,31.2,5.853613826,0.000259947,3.3,1.552039476,wheat
348,279.32495,1620.9,-7.3,33.8,7.48146936,2.44E-05,4.1,1.734477295,wheat
3103,727.8497,1346.3,-3.5,30.2,4.691975536,0.978690285,4,1.976035911,tea
1854,702.7782,803.2,-4.2,29,5.050538263,0.254453348,3.6,2.021795105,potato
2401,754.8211,1143.3,-3.4,30.7,6.081865916,0.772438396,2,0.732593424,wheat
426,657.01483,1010.3,-4.4,29.9,5.708109629,0.12561057,2.1,1.2485878,cassava
141,668.4095,1283.2,-4,30.6,4.506549464,0.068561824,4.3,3.125449129,tea
2367,667.63025,2102.6,-3.3,31.7,4.802326581,0.26901061,5.8,2.87529123,banana
3387,573.66614,1126,-5.1,33.9,5.008979927,0.785517293,0.9,0.339768341,wheat
4972,595.1161,766.2,-5.2,30.7,5.991764575,0.029744475,1.6,1.120588493,wheat
2285,909.66986,1312.4,-1.8,27.7,4.4152308,0.027367597,6,3.630106552,tea
3237,763.8456,1282.3,-3.2,32,4.058421066,0.70917229,3.1,1.29012213,tea
3539,742.6732,1143.4,-3.5,31.5,6.409102599,0.270636402,4,1.880490971,maize
2769,784.814,1176,-3.1,27.7,6.181570875,0.576670628,14.8,6.300629776,wheat
845,383.8851,1654,-6.3,33.4,6.412494247,4.15E-07,5.7,3.029219512,wheat
2533,880.5996,954.1,-2.4,30.4,4.861207332,0.323811002,6.7,2.967335639,cassava
3469,885.5235,758.6,-2.6,28.5,6.174373287,0.047263421,0.7,0.26825515,coffee
2848,549.9168,449.6,-5.9,31.7,4.769257939,0.031785205,0.8,0.492638868,potato
550,610.05585,915.6,-5.1,31.8,5.856476339,0.425079647,3.4,2.002497484,wheat
2278,667.3792,1625.9,-3.8,31.4,4.844912744,4.87E-09,14.3,11.75198361,tea
2069,520.32666,548.1,-5.7,35.7,6.074143452,0.203939986,1,0.690801392,wheat
1473,468.6026,514.9,-6.6,31.7,5.451130744,0.001637738,0.9,0.610773244,potato
5571,870.6006,615.6,-2.8,31.3,4.565260624,0.299167124,4.6,2.256137002,potato
2690,632.80566,1364.5,-4.3,30.9,6.987210239,0.495908186,3.6,0.979458419,coffee
4654,612.6953,1633.6,-4.2,30.3,7.17829282,9.71E-09,1.1,0.420833557,coffee
2421,799.57513,882.9,-3.2,30.2,6.191892784,0.328256869,3.5,1.871563779,wheat
4440,756.0141,1155.8,-3.4,30.4,5.330912095,0.872609198,14.2,5.193420069,tea
805,518.53674,1919.4,-4.8,29.7,6.691571486,0.010353537,2.5,1.324972591,coffee
3512,500.56625,1552.1,-5.3,32.8,7.016757864,0.007590536,0.6,0.313871123,wheat
2938,379.03036,1731.1,-6.3,35.2,6.501596424,0.063340324,4.2,2.238601773,coffee
3933,557.99536,301.3,-6,31.3,5.80644184,0.090121095,1,0.639957021,potato
869,691.2452,1640.5,-3.5,32.7,4.123869399,1.69E-08,3,2.219570192,tea
4837,368.30954,452.9,-7.5,32.7,5.617567013,0.01415578,1.6,1.056822117,potato
4012,313.23312,1439.2,-7.2,33.1,5.809445965,1.21E-07,1.1,0.686737294,rice
2669,411.9209,1866.2,-5.9,31.3,5.523919573,0.01925525,8.9,4.55025597,banana
1430,604.35693,755.6,-5.1,32.7,5.904004628,0.200642625,1.3,0.870251571,wheat
1903,812.44867,1171.7,-2.9,30.8,5.173767188,0.674786425,4.4,2.152967896,cassava
3430,650.0691,760.7,-4.7,31.9,5.328592522,0.216755739,4.1,2.412518121,potato
4653,790.9501,563.1,-3.6,30,6.261871528,0.325300235,0.9,0.485935444,maize
4270,735.9919,1109.7,-3.6,30.5,6.483047455,0.144467883,5,2.165182682,coffee
4243,883.70197,1414.9,-2,29.8,5.103087207,0.058626301,10,6.622227424,tea
1505,855.45953,592.6,-3,31.1,5.930736983,0.270667958,3,1.838183992,wheat
2754,744.1504,1949.7,-2.8,30.7,5.424692158,0.096260725,2.9,1.870305756,banana
226,432.54065,1801.7,-5.7,32.6,6.892378897,0.09937932,3.2,1.591563615,wheat
2170,783.63544,1750,-2.6,29,4.619507643,0.121824608,1.7,1.347898337,tea
5041,909.25104,1145.2,-2,30,4.428621946,0.42555959,7.1,2.683590767,cassava
2541,227.08269,1636,-7.7,34.5,6.735651203,0.006069411,0.7,0.354979864,wheat
2514,647.767,854,-4.6,29,4.502199634,0.164213745,0.9,0.441367562,potato
3864,872.1399,954,-2.5,30.3,4.123887436,0.326530142,0.5,0.191141525,cassava
4806,806.45996,575.1,-3.5,29,6.464770439,0.310589766,9.2,5.432675561,wheat
705,749.4789,1132,-3.5,30.1,5.366133777,0.338294076,2.2,1.203332041,cassava
37,572.3282,1632.1,-4.6,33.8,6.767187005,0.040466313,2.4,1.066300305,banana
4876,571.26074,882.8,-5.3,31.2,5.14770883,0.757393587,1.5,0.782885632,cassava
1919,117.21302,1524.5,-8.8,34,6.807162101,0.000134915,1.9,1.005256246,wheat
1257,872.4198,2408.5,-1.2,27.4,5.916874282,0.312938846,3.4,2.004562382,banana
121,790.7851,1598.5,-2.7,29.7,4.188630971,0.42031655,1.1,0.673088479,tea
2576,497.57162,1345.1,-5.6,33.9,6.415692145,0.063877918,1.2,0.684672507,wheat
4139,515.35736,872.3,-5.8,30.8,6.720964591,0.789407509,4.5,2.374612066,wheat
3426,679.6779,559.6,-4.6,31.3,5.025674646,0.438956586,14,7.661957827,potato
1161,835.1931,885.6,-2.9,29,4.901242637,0.277456965,4.4,2.006833109,tea
2415,292.33,1720.2,-7,31.8,6.677245722,0.003222067,1.7,0.700650606,banana
1807,611.9255,410.4,-5.3,30.7,5.855359306,0.15053214,3.9,2.604622081,wheat
671,492.16647,1911.4,-5.1,33.3,7.00889999,0.002557977,4.4,2.120854912,banana
1116,860.9256,851.6,-2.7,29.6,6.043147082,0.235493443,13.5,8.015248888,wheat
3249,247.9342,1690.9,-7.5,30.4,6.714553918,0.0693305,6.9,2.653027585,banana
2511,631.2212,918.9,-4.7,29.9,6.39271149,0.703963187,0.9,0.507599562,wheat
1188,327.77527,1630,-6.9,33.1,7.03727921,1.59E-05,9.7,4.987929731,rice
951,781.3368,642.9,-3.6,29.6,6.315003499,0.253232679,1.8,1.029246373,maize
3272,853.8916,814.9,-2.8,28.9,5.18604358,0.246213377,3.2,1.611718529,wheat
493,621.4282,1383.9,-4.2,27.9,7.189940312,0.195516349,1.5,0.76699426,wheat
1586,262.85223,1673,-7.4,33,6.576268222,0.008188682,4.2,2.141307329,wheat
495,459.50684,1065.7,-6.2,31.3,5.100175357,0.725112227,2.8,1.461527882,cassava
2594,739.0474,1397,-3.2,30.1,4.25236118,0.128109927,1.3,0.472291806,cassava
4733,722.6521,816.9,-4,29.6,5.83511538,0.301820068,3.3,1.55902869,maize
3730,687.53546,1458.2,-3.7,31.9,4.779537856,0.609123391,1.3,0.480899853,cassava
4891,379.43668,1695.4,-6.3,34.4,5.525407035,0.126671991,4.3,2.033377809,cassava
3078,709.26794,849.4,-4.1,32.6,5.533513307,0.472975082,13.3,5.380901719,wheat
182,293.50955,1628.8,-7.2,32.3,5.880206727,9.43E-05,9.5,4.223507494,banana
4507,853.65607,620.3,-3,29.7,4.943070375,0.278713876,1.9,1.132580639,potato
3550,727.6461,860.2,-3.9,32.1,5.131857537,0.320267583,14,7.232555157,cassava
5350,651.89246,1354.1,-4.1,29.7,4.876373428,0.482359749,4.8,1.7780185,cassava
3141,747.0854,2259.7,-2.3,29.2,5.681285641,0.348272623,1.7,0.941882683,banana
5057,851.3817,1064,-2.6,30.7,5.028574218,0.163715274,10.9,5.176545788,cassava
1014,616.93744,1314.5,-4.5,29.8,5.743048094,0.500003192,13.6,4.562377927,coffee
2695,718.63855,1102.9,-3.8,29.7,4.767584893,0.106757584,0.5,0.248799481,cassava
5625,614.65955,896.6,-4.9,28.5,4.809188669,0.288357248,5.3,3.053343616,potato
3261,901.3067,835.3,-2.4,27.6,6.373906003,0.013147303,0.7,0.260382248,coffee
3201,683.8247,1842.8,-3.4,32.5,4.576285835,0.077494731,4.9,4.317585431,tea
3245,805.01715,1096.4,-2.9,27.9,4.508614179,0.038794971,1.3,0.549018673,wheat
5039,559.69037,915.3,-5.4,32.8,4.702239193,0.894898553,1.7,0.765508552,potato
5258,494.58078,1649.3,-5.3,33.2,5.558734258,0.011029535,2.3,1.568278099,rice
5396,667.104,668.1,-4.6,30.3,5.170011166,0.247399579,2.5,1.058938024,maize
3571,510.46582,1339.1,-5.4,34.3,5.479400458,0.009244723,7.3,3.269954761,wheat
4720,618.13446,1919.9,-3.9,31.5,5.586877029,0.168943967,6.6,3.781360008,banana
1212,871.26764,1417.8,-2.1,29,4.955525136,0.046148943,5.6,2.664161916,cassava
1884,877.0513,953.3,-2.5,30.5,4.66691999,0.337029164,4.7,2.101815258,tea
1466,728.98395,497,-4.2,29.5,6.458806731,0.203746987,2.5,1.47158365,wheat
878,828.7853,629.9,-3.2,28,5.47400763,0.274454131,5.7,2.86008177,wheat
4193,481.1299,1968.8,-5.1,31.9,5.847790422,0.043802304,0.5,0.314756572,rice
5130,385.8787,1607.6,-6.3,30.6,5.394939806,0.120222858,1.1,0.67022979,rice
2932,354.7736,1771.5,-6.5,34.3,6.762798327,8.64E-05,7.5,4.113430839,rice
2722,465.10025,1081.4,-6.1,29.8,6.497122326,0.612295427,4.1,1.536187932,coffee
340,841.27527,581.3,-3.1,27.4,4.802218006,0.227586931,2.3,1.199666807,wheat
4926,623.71857,2008.5,-3.8,31.9,6.836054627,0.000930672,0.9,0.461775769,coffee
4649,797.641,550,-3.6,30.3,4.846455175,0.29920429,1,0.466464031,tea
172,795.9156,1358.7,-2.8,29.7,5.231154426,0.472422795,1.1,0.484483987,cassava
3814,660.1242,2089.6,-3.4,31.8,5.313327564,0.194548103,4.4,2.563277004,banana
1030,254.92264,1630.6,-7.5,34.3,6.447958261,7.84E-06,0.9,0.368800393,banana
2251,767.1385,1555.5,-2.9,30.4,5.101980169,0.346821911,1.3,0.579481156,banana
5082,464.6406,1961.8,-5.3,29.8,5.924329148,0.045879455,9.4,5.8542289,rice
3847,752.7499,1196.7,-3.4,30.1,6.009229195,0.786372442,2.1,0.733585469,wheat
2071,421.92526,423.7,-7.1,29.9,5.706384737,0.001001565,2.3,1.499452364,potato
4937,826.48413,1288.8,-2.6,31,5.338315836,0.548318215,13.5,4.323212799,coffee
1173,658.12866,470.3,-4.9,30.3,5.20666121,0.140094666,0.6,0.358147255,potato
828,795.52783,2188.1,-2.1,28.5,4.319082434,0.253080538,1.3,0.861371335,tea
1197,768.6775,1242.3,-3.2,29,5.648016427,0.274758317,4,1.926584792,coffee
4804,377.0812,1840.9,-6.2,34.6,7.445947093,0.113761636,4.1,1.828626227,rice
342,466.4494,1421.4,-5.8,30.8,5.154830356,0.007210079,9.4,4.292638203,cassava
4619,682.38617,996.7,-4.2,29.6,5.39981375,0.260530826,4.1,2.327178421,cassava
1429,598.3267,814,-5.1,29.4,5.968941109,0.039669107,6,3.925394939,maize
1253,652.4753,1554.1,-3.9,29.7,4.424441811,0.065580314,5.3,4.133903867,tea
4700,685.47974,1209.8,-4,30.6,5.554104694,0.036735783,4.1,2.12505681,cassava
1784,440.943,1717.5,-5.7,32.6,5.349708463,0.146429462,1.6,0.967078427,rice
3855,825.44934,1024,-2.9,28.8,4.845867176,0.405106079,4.7,2.138602658,tea
1127,380.38635,1743.8,-6.2,32.4,5.616708407,0.057679018,6.1,2.876573993,banana
427,475.4802,1606.9,-5.5,31.9,5.638373184,0.045939574,1,0.684217399,rice
2199,450.9887,1945.7,-5.4,31.1,6.358902326,0.002925404,2.3,1.301623581,coffee
3567,826.34796,1280.5,-2.6,28.9,4.714642472,0.473608662,10.4,4.052701501,cassava
2334,711.5362,2150.9,-2.9,28,5.578243732,0.348046724,4.9,3.071058533,coffee
1718,430.55197,1697.1,-5.8,33.3,6.72833222,0.027866921,3.1,1.337284898,banana
1493,636.40204,1282.7,-4.3,32.1,5.458293679,0.891691396,1.9,0.594667322,wheat
4422,663.45056,452.6,-4.9,30,6.598329621,0.152154804,4.9,2.523424148,maize
4093,227.37833,1649,-7.7,32.2,5.505850946,0.006392218,3.9,1.629207996,wheat
3338,696.60785,569.5,-4.4,30.1,5.512895883,0.414136646,3,1.252517985,maize
2166,700.7477,1238.1,-3.8,31.2,4.34257054,0.755239719,5.1,2.444564556,tea
2335,461.5422,1962,-5.3,33.4,6.273553124,0.037724964,1.8,1.044234415,banana
580,600.27386,1139.4,-4.8,30.3,5.648920965,0.836932923,3.5,1.959906279,cassava
1689,829.5958,1168.5,-2.7,32.7,5.414266781,0.487476445,3.5,1.896414316,cassava
347,364.08893,1666.8,-6.5,34.3,6.119288301,2.03E-06,12.5,6.655259489,coffee
4841,734.3039,751.1,-3.9,30.2,6.084577795,0.365223733,1.5,0.754026793,maize
5558,586.0301,1656.1,-4.4,28.6,5.437540576,0.074975446,1.4,0.571895369,coffee
3618,673.73584,729.3,-4.5,31.1,5.209809909,0.260813904,1.8,0.792183927,wheat
330,534.42596,280.3,-6.2,31.8,5.559364422,0.074480787,1.5,0.915014389,wheat
3544,688.5655,555.1,-4.5,31.6,4.938554703,0.333970495,1.8,1.000303454,potato
458,690.1351,1755.2,-3.4,30.7,4.261510116,0.085114843,3.1,2.481757647,tea
4384,836.70996,628.6,-3.1,29.5,5.793595099,0.166475609,3.9,2.485791975,potato
4051,836.71814,578.5,-3.2,27.4,6.353773841,0.259536825,13.9,7.927806474,maize
1705,343.98083,1748.8,-6.6,31.7,6.192024382,0.013960876,10,6.004222117,rice
140,608.1277,804.2,-5,29.4,4.998036483,0.219830282,2.7,1.533622842,wheat
3311,730.4946,2175.3,-2.7,30.5,4.560955093,0.254685433,3.7,1.792620044,banana
1995,907.6596,660.4,-2.5,28.8,5.433886266,0.226384879,0.9,0.464063705,wheat
1524,862.061,946.7,-2.6,29.8,4.587389888,0.331501557,4.8,2.295088451,potato
3055,670.27094,1296.8,-4,30.1,3.759989379,0.851151199,1.5,0.708841682,rice
3810,866.1403,614.5,-2.9,28,6.111169727,0.283956894,1,0.591255559,potato
1506,386.26392,1717.5,-6.2,34.3,5.272542236,0.03711274,1.5,0.637957148,banana
736,742.2018,1102,-3.6,28.1,6.161655458,0.394103177,4.2,2.010581873,wheat
4908,545.51526,1147.1,-5.3,30.8,6.370409218,0.886674856,6.8,3.033471827,maize
3001,744.6239,1410.9,-3.2,27.5,3.870763489,0.019969547,1.9,1.166546911,tea
2560,678.26263,452.3,-4.7,29.8,5.274673087,0.179873947,2.9,1.731655634,potato
4368,748.4684,1900.2,-2.8,30.7,4.199199502,0.121024586,4.9,3.806190663,tea
3608,645.7964,949.8,-4.6,31.8,6.509672594,0.826382521,2.9,1.119683743,wheat
3095,793.05676,2200,-2.1,30.6,4.685562094,0.361358671,4.2,2.804386294,tea
1357,302.72388,1644.2,-7.1,33.2,6.374190933,1.58E-06,0.8,0.414190665,wheat
3366,786.9622,1188.4,-3.1,32.4,5.6839311,0.859791785,4.4,0.817991985,coffee
4006,513.4353,1111.2,-5.6,29.5,5.604543846,0.568437312,13.9,7.52770144,potato
3758,488.64987,1073.2,-5.9,28.8,5.115234629,0.769502744,3.1,1.173727395,wheat
1890,558.34357,1987.9,-4.4,31.2,5.972876162,0.043940444,1.3,0.709320046,coffee
1308,671.6328,714.2,-4.5,30.3,6.536881238,0.451761665,3.2,1.558659479,maize
2473,864.81085,816.3,-2.7,30.5,5.383644208,0.011656134,1.3,0.838326518,potato
3010,825.44525,570.1,-3.3,29.3,6.357022142,0.25413762,2.4,1.331804404,potato
811,742.3673,1114.9,-3.5,29.4,6.044569355,0.483795359,4.6,2.019376363,wheat
2705,328.88544,1600.6,-6.9,32.9,5.570135251,1.73E-06,3.1,1.312311059,banana
4425,759.5778,431.1,-4.7,30.7,5.256331822,0.227341642,0.6,0.359454867,potato
3668,695.4833,1733.4,-3.4,30.2,4.987164688,0.119635383,3.5,1.391589004,cassava
861,880.06445,1091.7,-2.3,30,5.959739626,0.411560798,5.5,1.824450646,coffee
3798,453.6967,1313.8,-5.9,34.3,4.093760738,8.53E-10,6.9,2.488162754,cassava
1644,405.7907,1715.6,-6.1,33.1,5.879332991,0.072449911,4.6,2.382950556,coffee
1762,441.1946,1550,-5.9,33,6.000300519,0.041370016,2.9,1.344260026,banana
610,652.4048,542,-4.9,32.2,5.026687097,0.447851683,3.2,1.723836727,potato
2885,149.14777,1545.6,-8.7,32.6,6.830498752,0.000676665,0.8,0.385798774,rice
3395,868.26294,677.6,-2.8,26.3,5.591258801,0.1875297,2.8,1.689981519,potato
2526,788.76544,2046.2,-2.3,29,3.807300158,0.231536845,0.8,0.500245612,tea
2820,542.57446,1606.9,-4.9,31.5,5.497671311,0.124690113,1.6,0.731377232,banana
1205,690.9264,972.8,-4,30.2,5.317227725,0.017630549,1.2,0.7112474,potato
1692,604.8694,544.6,-5.3,31.8,5.297878923,0.033218293,4.5,3.132001434,potato
150,677.46655,939.7,-4.3,30.8,4.595285849,0.218173677,1.3,0.607424468,cassava
1584,404.04434,1665.1,-6.1,31.6,5.665067836,0.082156084,4.2,2.668961839,rice
772,733.28033,1942.7,-2.9,31.1,4.84529907,0.281422172,2.4,1.928653348,tea
3518,518.2541,402.4,-6.2,29.8,5.689133729,0.038708732,4.6,2.960106907,wheat
3182,834.3819,974,-2.8,32.3,4.983880263,0.333407607,0.5,0.264963523,cassava
1894,533.1519,1132.4,-5.4,31.8,4.849784746,0.846795436,3.1,1.441862674,cassava
3397,521.4868,263,-6.3,34.2,5.269281428,0.194066236,3.7,2.067931325,wheat
5479,798.69025,2289.6,-2,29.6,4.465880466,0.281660776,1.5,0.978884016,tea
5154,235.27606,1660.4,-7.7,32.2,7.261022795,0.023131514,9.5,3.068227731,banana
1309,465.52103,524.3,-6.6,33.3,5.286074835,0.001144622,1.1,0.623996582,maize
3936,694.9141,1249,-3.8,30.2,4.890040277,0.152658912,10.2,4.360801757,cassava
3081,556.151,1886.7,-4.5,30.5,7.081364966,0.127903719,2.9,1.359141458,banana
5128,475.0221,553.8,-6.5,31.9,5.952329086,0.001021648,6.5,4.524441667,wheat
2739,649.6336,569.5,-4.9,31.1,5.278335694,0.249148643,2.8,1.678940957,potato
3809,664.9121,1341.2,-4,32,4.211955733,0.171783634,1.7,1.167813459,tea
1895,534.4094,1165,-5.4,30.3,5.653260173,0.466275338,0.9,0.529784522,cassava
809,796.16956,1628.2,-2.6,30.8,3.886479345,0.257629779,0.8,0.495323363,tea
4099,842.6027,1791.1,-2,27,5.033145965,0.173816288,1.9,1.488605059,tea
3002,732.22095,1359.3,-3.4,29.2,4.94341728,0.98626615,2.1,0.774996045,cassava
2414,496.8284,585.7,-6.3,30.6,5.889731965,0.348718956,3,1.870568951,potato
1001,835.1417,2241.7,-1.7,31.8,5.811980213,0.365744463,11.2,7.358088641,coffee
4823,882.42694,666.6,-2.7,29,5.218792083,0.24732107,1.3,0.655548543,wheat
1655,456.95206,305.8,-6.9,32.9,6.714944321,0.009774636,4.6,3.176403855,wheat
5182,544.09674,1778.7,-4.8,30.5,6.662335599,0.260254459,1.3,0.605911747,coffee
3377,915.24835,671.8,-2.4,28.6,4.771830528,0.205302212,9.5,4.683094971,wheat
5462,692.89764,1635.3,-3.5,30.9,5.421342973,0.108898006,1.6,0.843960843,coffee
4941,649.54486,1204.7,-4.3,31.4,5.63946369,0.053189351,10.5,4.993649819,wheat
3093,373.4702,1345.2,-7,33,6.526089241,0.013026812,0.9,0.500696825,wheat
2658,637.128,552.2,-5,33.1,6.254732226,0.291858485,4.4,2.326199806,potato
4396,563.6258,1176.5,-5.1,31.8,5.910958477,0.233865746,9.1,5.510239765,wheat
4739,820.5373,568.3,-3.3,30.6,5.75886399,0.30422068,1.7,0.898364244,wheat
3384,783.62384,1270.4,-3,30,4.179356481,0.040964542,1,0.622129737,tea
299,488.46014,660.9,-6.3,29,5.549870506,0.113646017,3.1,1.960380297,wheat
4833,600.44226,1725.1,-4.3,27.6,5.947768316,0.054954928,4.1,1.954538744,coffee
3298,579.29047,1616.5,-4.5,30.4,5.571535948,0.041006867,1.8,0.773348404,coffee
2044,614.04517,1424,-4.5,30.8,4.546287022,0.010222367,5.8,2.272808958,cassava
5338,654.70026,1478,-4.1,31,5.989246393,1.09E-09,4.9,2.890134685,coffee
774,892.56995,730.8,-2.5,28.6,5.025903463,0.227423592,0.5,0.220652648,tea
3644,768.6372,1651.9,-2.8,30.7,4.676460014,0.254124529,1.3,0.975934342,tea
3648,652.38617,1228.7,-4.3,32.6,4.469534085,0.028597746,4.5,1.860812162,cassava
394,964.7261,810.8,-1.8,25.1,4.833090717,0.223355253,1.2,0.63186387,potato
4021,275.44778,1381.5,-7.7,34.5,6.724348728,3.94E-07,0.7,0.382087438,rice
2811,592.2369,805.8,-5.2,31.6,6.453941341,0.458986317,14,8.994376296,wheat
5471,591.8603,1117.5,-4.9,31.9,5.754623467,0.939495387,1.1,0.607996536,cassava
3628,643.0375,1905.3,-3.8,28.7,4.373407337,0.146604698,14.9,12.69522385,tea
5550,780.1865,1415.6,-2.9,31.6,5.503143492,0.98297328,4.2,1.787090389,cassava
2320,382.3007,1621.2,-6.4,33.7,6.948265508,0.251920597,6.3,3.308469859,rice
1,674.3341,1450.7,-3.9,30.6,5.676647602,0.399683762,2.2,1.069864811,cassava
4981,290.23718,1722.2,-7.1,36.3,6.936858378,0.031747779,1.3,0.640423245,rice
3246,402.73782,1691.8,-6,33.6,7.104542407,0.083106781,2.9,1.38437146,wheat
5280,689.5241,2057.8,-3.2,27.4,4.016416535,0.275835658,7.6,5.261150038,tea
3013,683.98364,1097.3,-4.1,28.7,5.016004632,0.069989751,1.4,0.73873369,cassava
3635,402.46393,1323.5,-6.4,32.4,4.528965202,8.45E-10,2.2,0.873701268,wheat
746,556.82324,318.7,-6,33.1,4.689117828,0.167636983,1.9,0.879263775,cassava
1559,462.1641,567.9,-6.6,33.6,5.959142786,0.016827817,5,3.477993238,wheat
5115,353.78918,746.7,-7.4,34.1,5.473780372,0.829471475,1.6,0.857092874,potato
3688,665.9768,1304.6,-4.1,28.9,5.594210238,0.108038246,2.5,1.229507077,wheat
2400,656.34314,2039.1,-3.5,30.4,4.650964324,0.342168487,6.9,5.408168506,tea
2680,462.4821,1532.9,-5.7,34.3,5.243775206,0.008150323,2,1.300073936,rice
201,684.0361,846.3,-4.3,29.3,6.359656848,0.322809779,2.4,0.966888483,coffee
1776,763.6319,1298,-3.2,30.6,5.01926561,0.052627012,1,0.498817885,cassava
3650,466.03015,1350.4,-5.8,29.9,4.685074327,0.044261049,2.4,0.952768196,cassava
2204,382.79706,390.8,-7.5,30.2,5.434801762,0.014623461,1,0.650909396,potato
2622,1003.9437,884.2,-1.4,30.1,6.335476811,0.213692261,0.8,0.482213352,wheat
3749,780.60345,627.1,-3.6,27.9,5.138054129,0.251470772,11.8,7.193388153,potato
4176,733.92444,1140.8,-3.6,30.5,5.873548602,0.7526812,3.5,1.795900353,cassava
2241,380.95517,1821.4,-6.2,34.1,6.604134327,0.024524054,7.8,4.268527862,coffee
3137,714.4153,603.2,-4.3,31.9,6.629216236,0.157451178,3.6,1.888224489,potato
2741,682.68744,1250.1,-4,29.2,5.348698913,0.973703197,11.9,4.845027059,cassava
2898,502.5354,1723.1,-5.2,32.5,5.316246453,0.224316695,0.9,0.392920747,banana
2139,850.97943,593.4,-3,26.9,4.329527416,0.293669162,4.3,2.157579259,potato
1337,271.80704,1524.9,-7.4,34.4,7.039490995,2.77E-06,0.6,0.19129767,banana
2589,760.5685,548.4,-3.9,31.1,6.665122619,0.322590715,2.3,1.315759467,wheat
2652,663.87366,1512.8,-3.9,28.9,5.571794571,0.032017142,1.2,0.640490328,banana
1987,907.5278,862.6,-2.3,27.4,6.226073283,0.204100621,3.3,1.986013434,maize
457,557.13904,359.5,-5.9,31.1,6.779033939,0.140395683,2.3,1.596890508,wheat
5220,664.15485,1300.3,-4.1,31.5,5.431796765,0.824369513,2.9,0.855068342,wheat
2917,773.8458,1757.2,-2.7,29.9,5.149648337,0.173145272,0.6,0.481769779,tea
3970,771.73883,636.3,-3.7,26.6,5.560836044,0.037464631,2.9,1.5615596,wheat
5523,890.62494,739.4,-2.5,27.4,5.992628127,0.082658632,1.9,1.126635971,wheat
516,765.86505,2143.3,-2.4,29.4,5.481931934,0.347017833,10.2,7.021947396,tea
3896,731.8535,1058.9,-3.7,30.8,5.94364203,0.289948213,2.6,1.497251081,cassava
1981,641.0741,931.5,-4.6,32.8,6.241000209,0.795796124,3.3,0.742306835,coffee
3067,350.75995,1828.4,-6.4,32.6,6.863218382,0.185885127,0.9,0.425126554,wheat
4798,742.5706,522.9,-4.1,28.9,5.46262476,0.307620592,1.3,0.787097664,potato
518,566.58417,395.9,-5.8,28.8,5.32771792,0.082153927,1.2,0.654145728,maize
5349,739.73804,1137.7,-3.5,28.6,6.247246724,0.753562457,5.3,2.560086477,cassava
1225,710.2537,1351.2,-3.6,30.3,5.141797005,0.098547745,14,6.495549506,banana
1778,744.1289,1147.2,-3.5,30.6,5.136544956,0.749216383,3.3,1.5455079,cassava
3221,628.83716,758.9,-4.9,27.5,6.012053361,0.09851302,13.4,8.677565791,potato
2032,747.0152,1123.9,-3.5,30.4,5.295339777,0.85888022,3.3,1.582973038,cassava
3508,818.6147,935.3,-3,27.1,5.4317153,0.37085451,4.6,2.627946195,potato
4627,550.1966,1140.7,-5.3,30.4,6.551747124,0.895421026,4.2,1.235160884,coffee
4430,511.19476,1080.2,-5.7,30.7,5.333433297,0.518807155,14,7.714313524,potato
3483,244.87619,1658.1,-7.6,31.9,5.65528804,0.01434321,1,0.425950326,banana
1558,287.79498,1674.8,-7.2,33.3,6.166570099,0.003965931,9.4,5.528191003,rice
4325,35.910797,1451,-9.7,33.9,7.048349411,0.000442819,1.1,0.574842317,wheat
222,303.12317,1575.9,-7,34.1,4.489177283,1.03E-06,10.4,5.668774895,rice
5521,553.6154,1575.5,-4.8,34.2,7.006905715,0.016760392,2.4,1.272518384,wheat
4636,599.9333,1057.2,-4.9,30.9,5.251308396,0.91249022,3.4,1.808133469,cassava
1029,862.4117,1448.1,-2.1,28.5,5.888176526,0.101073543,10.7,5.616640895,coffee
1646,826.87244,577.8,-3.3,31.4,5.39520194,0.216151545,9.6,4.591727677,maize
3213,876.5679,628.6,-2.8,31.3,4.942463979,0.260001297,4,2.221848575,potato
2331,689.5185,1227.4,-3.9,27.3,5.984442889,0.752822393,9.4,3.419930772,coffee
1667,696.6943,1254.1,-3.8,29.1,4.878623957,0.03691463,4.5,2.043026056,cassava
1395,764.198,1379.1,-3.1,29.7,5.487418916,0.393922767,2.8,1.312122362,cassava
2263,382.28094,384.7,-7.5,34.7,6.75391594,0.008296942,3.8,2.012461109,potato
1623,552.1661,662.1,-5.7,32.9,4.935411763,0.045442046,1.9,1.233403136,potato
2111,238.06976,1605.4,-7.7,33.5,5.690477616,0.000204399,1.4,0.80423983,rice
4458,688.5441,1458.3,-3.7,30.2,4.994854667,0.079868061,3.4,2.602740772,tea
100,711.88837,1046.3,-3.9,31.4,6.586034289,0.069158462,5.2,2.621405847,maize
4820,718.3224,1177.7,-3.7,30.2,6.418722828,0.048444701,3.7,2.028430974,wheat
233,513.3883,1460.1,-5.3,30,7.05496612,0.009059805,1.2,0.633892667,wheat
4281,611.1796,1064.8,-4.8,31.4,4.726347242,0.854657739,0.9,0.425219867,cassava
5454,605.9938,1717.5,-4,30.9,5.706852963,0.074170227,1.8,0.817443845,coffee
1004,666.0735,1356.8,-4,32.1,4.165406415,0.017321466,4,1.429645027,cassava
4086,722.346,787.5,-4.1,33,5.250039487,0.386756967,4.1,2.3112767,potato
4395,541.22723,1143.3,-5.3,29.9,5.482078993,0.875128601,1.1,0.433136206,wheat
171,611.71234,1288.5,-4.6,30.8,5.966382662,0.018771904,0.6,0.257349296,coffee
1235,697.21985,1111,-4,30.2,6.731431701,0.060756075,3,1.442589648,maize
3912,777.2815,537.2,-3.7,29.6,5.654809539,0.211692856,5,2.613707944,wheat
3916,580.6854,586.6,-5.5,30.7,5.914453396,0.410532702,2.4,1.49757126,potato
2557,805.8681,969.1,-3.1,29,6.069319025,0.287941771,2.7,1.410542068,wheat
4874,226.12839,1656.6,-7.8,34.8,6.697051001,0.014179209,5.3,2.057556726,banana
4226,413.29172,1350.3,-6.3,32.7,5.886442209,1.69E-09,2.2,1.133656198,wheat
3247,691.56195,1091.7,-4,31,4.88278161,0.067059317,3.3,1.69215857,cassava
3829,407.45773,1434.1,-6.3,32.8,6.575189548,0.070698276,4,2.188381121,wheat
2172,673.45447,1350.7,-4,28.7,4.279849249,0.110373621,3.4,2.386801722,tea
3335,436.06183,1356.9,-6.2,32.9,5.784866054,2.68E-09,4.1,2.070713402,wheat
2296,494.71408,1107.3,-5.8,31.9,6.352319206,0.735171987,1.6,0.747275749,maize
1980,556.42474,1159.2,-5.4,32.5,5.457548981,0.409852475,0.6,0.303740898,wheat
2091,704.8442,1193.8,-3.8,30.6,5.148976697,0.372161213,3.6,1.805270218,cassava
677,528.3222,1680.7,-5,28.9,7.465094048,0.022659076,4.7,1.781276405,banana
1940,719.83154,2153.6,-2.7,30.9,4.702918865,0.316420197,4.7,3.431814419,tea
3573,440.56638,1724.7,-5.7,32,5.534608886,0.174420784,8.8,3.926182325,cassava
298,731.3761,954.7,-3.9,32.4,5.981346729,0.158084593,1.5,0.885175383,cassava
621,302.74683,1713.6,-7,34.1,6.108640029,0.008480281,2.4,1.411451647,rice
4149,626.6347,948.2,-4.7,28.5,5.053908005,0.829525444,3.9,1.991327534,potato
1266,684.1374,1399.1,-3.8,30.3,4.198933089,0.772458302,0.8,0.389420101,tea
4696,612.94806,806.6,-4.9,30.5,6.20123944,0.468005173,1.7,1.071397013,wheat
2927,94.56546,1508.8,-9.1,34,5.480383306,0.00031315,0.8,0.331050824,banana
2864,381.30374,1424.7,-6.5,31.5,6.541208556,0.019076701,1.4,0.769322102,wheat
3084,617.87787,1429.5,-4.3,31.6,4.7689089,1.84E-09,9.7,4.327322667,banana
4729,590.7398,1099.5,-4.9,28.2,5.330676779,0.926640456,3.6,1.790718642,potato
168,794.1614,1957.9,-2.3,30,4.366725491,0.139371272,10.9,8.249932912,tea
1354,482.28427,646.3,-6.3,33.8,5.009715436,0.116786431,2.4,1.329650359,maize
4992,496.29315,1005,-5.9,31.5,6.748925937,0.773452408,3.4,1.730854371,wheat
1567,802.2735,749.7,-3.3,29.4,6.650318256,0.370597879,3.4,1.879307206,wheat
5553,312.32318,1653.5,-6.9,33.8,6.809515906,0.000728284,1.4,0.536260873,banana
1111,820.7513,1279.2,-2.7,28.1,5.840961638,0.127836691,3.9,2.011715926,coffee
4324,661.81024,2055.8,-3.4,30.9,5.663700782,0.379724773,0.6,0.346801511,banana
4018,547.81354,1754.7,-4.9,32.6,5.984339885,0.139557382,1.9,0.9278232,coffee
1690,757.0773,512.1,-4,32.1,6.370550612,0.307172638,5.7,3.006746134,maize
1832,485.2369,2001.5,-4.9,31.1,6.719740203,0.032776909,1.4,0.720762847,wheat
1677,459.57996,1372.5,-5.9,33.4,7.456973452,2.39E-09,3.9,1.435596507,cassava
4969,683.5276,862.3,-4.3,28.4,5.172684991,0.380611936,4.6,2.493465885,potato
2904,636.2264,610.7,-5,31,6.783722587,0.195868173,11.9,8.69979834,wheat
2306,523.98615,436.3,-6.1,30.7,6.094175483,0.062729321,2,1.247935603,potato
660,699.37494,1295.8,-3.8,29.1,5.301747305,0.902798605,1.7,0.702660922,cassava
2270,743.231,1136.1,-3.5,31.5,4.810090044,0.397400943,6.3,2.956201986,cassava
3104,646.93695,1219.8,-4.6,32.7,4.231824546,0.030596156,0.7,0.484087461,tea
571,568.33435,827.6,-5.4,31.9,6.095770978,0.09346222,4.9,3.393145781,wheat
4349,656.7597,1427.2,-4,30.1,4.361498639,0.357615662,1,0.68928346,tea
4839,315.7669,1545,-7.1,32.9,6.741001669,2.16E-06,2.7,0.998816802,banana
2870,742.6182,2159.5,-2.5,31.2,5.599402816,0.38101215,4.9,2.832314384,banana
2596,657.79865,525.4,-4.8,32.3,6.488335268,0.119437079,3,1.613187822,maize
3050,748.9912,980.6,-3.6,28.1,6.414384888,0.632764623,5.5,2.280486178,maize
2107,533.1033,1101.5,-5.5,34.7,5.520296985,0.536844458,4,1.913151742,wheat
53,379.92014,1492.5,-6.5,33,5.915457225,0.065065205,2.9,1.433816617,wheat
5297,833.5751,664.4,-3.1,30.5,5.355704782,0.231257717,1,0.485908229,maize
1942,638.0151,943.2,-4.6,32.5,5.483122093,0.320525467,5.3,2.915601085,potato
680,633.83014,630.8,-5,31.7,5.171342942,0.059334465,2,1.262173868,wheat
3243,463.1196,1949.4,-5.3,32.9,6.265127606,0.023665734,10.3,5.941187467,banana
4632,429.99054,1589.5,-6,32.8,7.120079286,7.12E-08,2.8,1.01276285,banana
2105,398.82346,1723.2,-6.2,30.4,6.422265694,0.084040651,4.1,2.133793789,wheat
2714,736.4528,811.9,-3.9,28.8,6.158210686,0.316399606,3.6,1.907704044,potato
2990,923.0551,848.7,-2.1,31,4.563143574,0.024050153,0.7,0.29965756,tea
2551,770.5153,1716.6,-2.7,28.5,4.116887457,0.106052898,1.2,0.863722831,tea
1765,549.621,567.2,-5.8,31.9,6.383243721,0.252375419,1.2,0.783846558,maize
3614,610.88635,642.4,-5.2,28.4,5.714768795,0.074799981,12.8,8.873741333,potato
3282,639.518,513.7,-5,32.5,4.848766715,0.312529057,2.4,0.983921972,wheat
2328,865.98645,612.8,-2.9,27.5,5.384208262,0.283129132,1,0.578828036,potato
1852,760.1133,520.2,-3.9,30.1,6.040338441,0.253778194,0.7,0.390833657,wheat
432,687.02423,1958.4,-3.3,30.5,4.029574145,0.202643299,4,2.975070274,tea
2390,483.99173,1260.8,-5.8,32.3,4.681826963,0.0719827,3.5,1.32802668,banana
4189,677.217,1860.5,-3.5,29.2,4.827427286,0.133554505,4.2,3.734176834,tea
4529,729.65045,1954.7,-2.9,28.4,5.988051928,0.144841062,4.7,3.008962637,coffee
2200,710.70355,856.8,-4.1,29.5,5.1833774,0.369682933,3,1.650185286,potato
614,747.9583,483.6,-4.1,31.3,5.583190042,0.225346318,1.6,0.79765108,wheat
2079,533.1266,1272.4,-5.3,31.4,5.680326032,0.061819732,3.7,1.585654575,banana
2601,551.7207,772.3,-5.6,31.6,5.415508452,0.037564574,1.8,1.214827762,potato
3968,823.5654,2260.4,-1.8,29.1,4.772145236,0.388463279,4.2,2.655245651,tea
4781,743.63727,496.8,-4.1,30,6.223757944,0.307765813,1.3,0.725486455,wheat
4971,678.9581,1047.2,-4.2,32.5,5.610719522,0.065331425,3.8,1.791704753,wheat
3293,494.54166,1769.4,-5.2,32.9,6.530135605,0.045898457,2.6,1.330355241,coffee
1986,502.42432,1298.2,-5.6,32.9,4.323921374,0.026205919,10.7,4.012351799,cassava
4947,394.1583,1710.9,-6.2,33.2,6.301907989,1.81E-06,3.1,1.481683124,banana
2222,663.06067,671.6,-4.7,32.3,4.896726684,0.253803601,2.6,1.443757681,potato
4419,799.6927,2138,-2.1,29.9,5.716902034,0.244569021,4.1,2.648633023,coffee
2562,620.0697,1109.2,-4.7,32.6,6.180203832,0.18244956,1.8,0.86656569,coffee
5437,641.83685,393.5,-5.1,31.7,5.746655405,0.215992718,3.3,1.620841683,wheat
3683,897.8323,1111.5,-2.1,29.2,5.935516637,0.410738327,3.6,1.045344975,coffee
1715,909.11694,721.2,-2.4,29.2,6.006456124,0.226759325,4.1,2.525217937,maize
2758,705.00116,2128.3,-3,30.7,3.742746962,0.223800666,1.6,1.018285184,tea
2909,691.87714,517.7,-4.5,31.4,5.035514152,0.419831523,4.5,2.463733534,potato
3420,470.54382,1823.2,-5.4,33.5,5.443111023,0.054725407,1.7,0.772013317,cassava
814,735.25323,2084.8,-2.7,32,4.748788113,0.309682322,6,4.470238707,tea
3308,775.12854,754.4,-3.6,30.6,5.161040038,0.206407878,1.6,0.958387971,potato
2945,631.0709,571.2,-5.1,31.4,6.02354453,0.449636628,1.3,0.793352776,potato
3521,810.4332,546.8,-3.4,28.3,5.132007338,0.241328968,2.7,1.650969474,potato
3540,421.8222,1474.4,-6.1,30.8,6.512897078,0.029641767,2.7,1.487554709,wheat
2448,467.9868,260.1,-6.8,32.7,5.357440614,0.074975362,1.4,0.804687205,wheat
1304,332.71585,1755.2,-6.7,32,6.96316424,0.00096277,8.7,4.391923846,rice
127,773.7714,1144.2,-3.2,29.8,5.642853513,0.70062612,1.7,0.893549267,cassava
3996,477.28992,1155.2,-5.9,33.8,4.638519775,0.647796987,0.8,0.231232637,banana
2194,301.1381,1358.8,-7.2,34.1,4.205749949,1.57E-08,4.9,2.000889888,cassava
728,496.0449,1275.5,-5.6,31.4,4.699974991,0.072648891,3.6,1.40388892,wheat
5628,430.62088,1832.6,-5.7,35.3,7.48282754,0.102166,4.9,1.916267981,banana
5510,693.7765,1416.3,-3.7,33.2,4.679639842,0.421307368,1.8,1.213426563,tea
4143,517.1121,1963.3,-4.8,33.1,7.161318145,0.035378108,4.8,2.359913387,banana
3280,77.08461,1499.4,-9.2,33.3,5.324318023,0.002391532,1.8,0.785156587,wheat
5159,860.83466,744.4,-2.8,26.6,5.865408913,0.03957745,3.5,2.153125141,maize
2877,844.4794,591.3,-3.1,32.3,5.834799453,0.241727909,1,0.562809153,maize
1083,480.67636,1143.6,-5.9,29.7,5.291251896,0.40999855,0.9,0.431404738,wheat
2974,491.302,606.1,-6.3,34.8,5.580753098,0.370799882,10,6.407858789,potato
4779,805.21783,2180.4,-2.1,30.6,5.253393945,0.263112031,1.4,0.975467523,tea
2954,767.1284,1024.2,-3.1,29.4,6.355881067,0.172356949,1.8,0.707333754,coffee
2922,205.7176,1591.8,-8,35.1,7.351929792,0.000108778,4.2,1.862896634,wheat
2810,690.00507,1190.9,-3.9,32.2,5.689942289,0.822305871,13.2,6.507840654,cassava
1717,340.311,1755.6,-6.6,31.7,7.450113138,0.005925951,4.4,1.874016651,wheat
3898,770.13934,832.2,-3.5,29.2,6.755296907,0.370763644,4.9,2.400815812,maize
3676,645.98914,1678.4,-3.9,32.1,4.8378163,0.111803131,2.3,1.006930122,banana
1420,850.8747,772.4,-2.9,29.5,4.057661528,0.016347716,1,0.427298689,tea
2647,877.13257,835.9,-2.6,31,4.866444043,0.008375653,1.1,0.508607223,tea
2240,473.17416,1457.1,-5.5,33.4,6.267297308,0.009171891,0.7,0.33637902,coffee
47,673.3514,1927.1,-3.4,30.3,4.857110977,0.141804976,3.2,2.757766697,tea
107,491.91196,491.8,-6.4,31.8,6.406293574,0.022148019,0.9,0.595216685,maize
4140,743.5268,1306.1,-3.4,31.4,4.546427661,0.293350542,11.2,4.427100302,cassava
1021,725.2333,548.5,-4.2,28.4,6.117989992,0.08658047,1.4,0.826316946,potato
1375,743.395,651.2,-4,27.9,5.550912066,0.209652071,3.9,1.926233455,maize
4668,523.8055,2037.5,-4.7,33,7.007201656,0.007361702,4.3,2.23482437,coffee
636,435.98947,447.5,-6.9,31.6,4.553353433,0.002668916,1,0.572754728,potato
2494,605.26996,1174.6,-4.7,30.7,5.80280428,0.930238368,2.6,1.128355799,wheat
4474,553.2955,918.7,-5.4,31.4,6.596473242,0.889146382,4.7,2.4352385,wheat
4731,503.56522,1688.1,-5.2,32,5.600751323,0.270930482,3.9,1.608525936,cassava
2999,163.5309,1566.3,-8.4,33.3,7.18465981,6.88E-05,4.9,2.324205726,wheat
1925,640.9339,1519.4,-4.1,31.5,3.782923799,0.00978656,0.9,0.610813538,rice
1664,791.08136,1367.7,-2.9,31,5.517307374,0.225371995,5,2.643881777,cassava
1329,704.0132,2082.2,-3,32.5,4.780765544,0.35482751,1.1,0.371013491,cassava
1876,578.3124,335.9,-5.7,29.7,5.990764823,0.258659689,2,1.299779154,wheat
2426,420.48425,1884.5,-5.4,34.1,6.29129099,0.011417846,1.4,0.7550307,banana
4842,591.89154,461,-5.5,31,4.62221376,0.066117185,1.1,0.644238451,wheat
4819,774.927,686.3,-3.6,30,5.000592755,0.201138105,0.7,0.323195309,wheat
1502,588.921,921.1,-5.1,29.8,4.874364668,0.535793346,4.4,2.029513685,wheat
1680,479.1817,1690.4,-5.4,32.7,6.086413629,0.249671207,12.6,6.037256373,coffee
1837,837.00446,1161.4,-2.6,32.5,4.942029923,0.541253614,1.9,0.747341004,tea
5527,698.0272,1002,-4,30.8,6.716098859,0.652758863,11.5,4.808825727,wheat
3066,413.04648,1288.3,-6.5,31.5,7.00155132,5.40E-10,3.6,1.927174041,wheat
4465,507.24484,1901.2,-5,31.2,6.958597113,0.072745287,3,1.496115898,wheat
788,462.76132,513.1,-6.6,31,4.955266631,0.001041929,9.7,5.704885914,wheat
4629,815.543,2225.3,-1.9,30.9,5.438728331,0.242961365,1.2,0.703895384,banana
1159,799.87146,2057.7,-2.2,28.8,4.802759671,0.220009244,1.6,1.188364236,tea
2392,590.3774,716.5,-5.3,29.2,6.360673525,0.125827349,4.7,3.231599394,maize
5443,779.0201,532.7,-3.7,29.7,4.726049668,0.266596767,1.9,1.045781757,potato
5512,536.32544,589,-6,33.1,5.648714685,0.421606001,1.6,1.017747618,potato
1317,835.3458,893.3,-2.9,28.7,5.838515096,0.336446186,0.6,0.297935999,wheat
3923,696.2776,1576.6,-3.6,30.7,5.240786591,6.55E-09,3.1,1.614804632,banana
5343,888.98596,654.9,-2.6,31.1,5.686406271,0.313023282,2.7,1.501799815,maize
2809,87.68226,1518.1,-9.1,36.5,6.638686404,0.015401868,1,0.54936673,rice
849,678.34357,1305.2,-3.9,31.2,4.227906278,0.057945733,4.5,3.089912991,tea
1244,549.56824,1447.6,-5,31.2,6.734101517,0.007988882,3.3,1.355286105,banana
363,988.2216,1251.5,-1.2,30.5,4.987465466,0.22230995,2.2,1.070075751,cassava
898,681.0556,812.5,-4.4,29.9,5.032364063,0.284314192,3.4,1.869846209,potato
4365,518.03455,1404.4,-5.3,28.9,4.166942089,0.007857073,4.3,1.590491638,cassava
4058,716.64703,959.6,-3.9,32.4,6.053421858,0.055087069,11.1,6.055193689,wheat
1648,464.33127,1587,-5.6,34.9,6.055888068,0.042483988,4.5,2.222971751,coffee
5533,220.05568,1607.8,-7.8,34.6,5.899236183,0.000115089,7.7,3.639824277,wheat
211,731.7884,807.2,-3.9,31.6,5.887665699,0.289740984,4.9,2.379330605,maize
1746,313.0046,1709.3,-6.8,34.9,7.0138925,0.025151634,13.1,4.854186102,banana
1565,447.06342,1568.3,-5.8,32.5,5.84034546,3.44E-08,4.1,2.005540171,coffee
3929,652.4691,1784.9,-3.7,31.3,4.699828737,0.214913383,2.7,1.310699634,banana
1639,622.709,867,-4.9,28.8,6.43902241,0.092249983,3.8,1.827520505,coffee
1976,550.7838,1363.4,-5.1,29.2,5.417499576,0.022130406,2.1,1.038792486,banana
5576,806.865,951,-3.1,30.6,6.572875971,0.236451549,3.7,1.917534973,maize
2213,651.4942,1326.2,-4.2,34.2,4.417673974,0.167339326,4.1,2.96631703,tea
1670,432.5101,1585.5,-5.9,30.1,6.436948407,5.50E-08,9.4,5.126515133,wheat
1587,567.30536,333.9,-5.8,31.4,6.351628349,0.162400549,4.5,2.824656728,maize
2495,742.7891,655,-4,27.9,5.156522879,0.349098857,2.3,0.973528118,maize
116,770.18756,618.7,-3.7,26.5,6.116174023,0.256561016,3.2,1.851833167,potato
1252,625.60724,1828.8,-3.9,34.5,7.181111119,0.087125417,4.1,1.664952849,coffee
2085,791.1535,780.8,-3.4,30,4.967888935,0.283033318,14.6,8.245305215,potato
1245,707.0584,458.9,-4.5,30.6,5.090529972,0.284457052,0.8,0.456476697,potato
933,471.51453,1297.6,-5.8,34.1,4.339944231,0.075100969,4.4,1.670806279,cassava
2558,499.45023,1607.6,-5,32,7.419469088,1.97E-08,3.9,1.822546855,wheat
3150,553.4177,657.3,-5.7,29.9,5.787900896,0.109822259,2.1,1.411019439,potato
2735,432.36273,1765.8,-5.8,34.7,5.96441311,0.051520844,3.3,1.734686088,coffee
2005,889.653,753.6,-2.5,26.4,5.473784565,0.057545728,1.5,0.921858591,potato
683,901.29645,733.9,-2.4,25.9,5.847242163,0.199096168,3.1,1.766658645,maize
4391,661.062,793.1,-4.6,27,6.347624824,0.44922539,0.6,0.282474369,maize
1071,894.74023,850.5,-2.4,29.6,5.894522578,0.237123307,1.8,0.63658377,coffee
3534,297.98996,1688.9,-7.1,34.4,7.173846647,0.01732448,10,4.582827526,wheat
2382,730.93066,1232.9,-3.5,28,5.93341152,0.040239964,14.2,7.7288581,cassava
1756,828.1597,586.3,-3.2,30.5,5.812539847,0.263110522,4.8,2.518607278,maize
17,454.19534,1700.5,-5.6,31.3,7.196078808,0.030382035,2.5,0.960321519,banana
1239,820.7652,1458.7,-2.5,30.3,4.24794546,0.176939122,3.1,1.980579387,tea
2618,616.87726,771.9,-5,34.1,6.539458397,0.42969744,2.1,1.385663623,wheat
1192,577.65924,1030.5,-5.1,30.4,5.941795773,0.762249457,1.4,0.42115994,coffee
29,445.4456,1350.4,-6,33.4,4.70362873,0.03815567,4.1,1.674793807,cassava
2725,375.02054,1651.5,-6.4,32.4,7.316432581,7.98E-07,3.8,1.734756237,wheat
21,654.80963,1000.2,-4.4,33.6,6.022460297,0.580712462,2,1.065150981,cassava
1714,700.51733,1110.4,-3.9,31.4,5.544499202,0.242365652,1.3,0.738163661,cassava
5619,225.37158,1594.9,-7.8,33.6,6.377973788,5.31E-06,14.5,7.499709906,wheat
858,758.32776,492.6,-4,28.6,5.818807022,0.258904844,2.6,1.272704762,maize
419,711.3635,1714.6,-3.3,30.7,4.840095892,0.040213854,4.7,3.890863244,tea
3785,320.58383,1740.4,-6.8,30.9,6.743696981,0.00806519,1.4,0.756199307,rice
2229,633.7378,830.1,-4.8,31.4,4.64374446,0.505048001,1.5,0.725347883,wheat
1457,629.703,919.3,-4.7,29,5.282028709,0.286491158,0.6,0.36520749,cassava
3020,944.9494,1069.2,-1.7,29,5.076426007,0.361943449,4.5,1.860333856,tea
78,567.1401,1040.5,-5.2,28.9,5.068413022,0.91409467,11.1,4.105127125,wheat
480,630.451,1635.7,-4.1,29.5,7.046796503,7.92E-09,1.5,0.80169774,wheat
2214,751.93805,1945.1,-2.7,29.7,5.652356229,0.150049896,9.8,7.630063972,tea
3097,439.27606,1909.2,-5.6,31,5.583056864,0.014463352,10.1,5.250940778,coffee
4531,515.09973,1963,-4.8,33.7,5.809696593,0.01499475,4.5,2.437925035,coffee
2171,660.17456,487.7,-4.9,30,5.378118146,0.111459758,4,1.922055146,wheat
781,842.4643,785.1,-2.9,30.3,5.015586224,0.196880727,0.6,0.312938598,wheat
4199,596.5701,344,-5.6,32.1,6.235263784,0.327275659,1.7,0.962459092,potato
4375,490.7658,1280.8,-5.7,30.7,7.13147902,0.073400443,2.1,1.102836952,wheat
570,589.98456,1055.2,-5,29.3,6.225722383,0.125777801,3.6,2.431341978,wheat
227,596.96045,971.2,-5,29.9,6.412882581,0.904500571,1.2,0.333577024,coffee
2508,695.9842,1351.8,-3.7,32.5,5.422504664,0.852455661,2.3,0.958170208,cassava
3522,837.8903,1795.9,-1.7,27.6,4.3783846,0.243908323,1.8,1.33924428,tea
3107,770.51227,1453.8,-2.8,30.4,5.193830955,0.065307153,3.9,2.824454304,tea
2681,653.147,1529.9,-4,31.5,4.180700373,0.042162878,3.4,1.159085619,cassava
3405,884.1513,1433.5,-2,32.1,4.618511636,0.051671838,8.3,5.461043626,tea
3652,329.04474,110.1,-8.2,33.9,4.772234777,0.060177439,1.1,0.612589952,potato
2062,663.0565,969.1,-4.4,30.4,4.82762873,0.20164537,4.2,2.084669354,cassava
5485,621.7534,649,-5.1,29.2,4.930626642,0.164460836,2.3,1.307540286,maize
2530,514.7583,2015.1,-4.8,32.9,7.342966212,0.026685865,10.5,5.11136278,banana
2534,364.1864,1695.5,-6.4,32.5,6.29995721,0.044159437,7.8,4.169957162,coffee
3257,553.03656,689.1,-5.6,32.6,5.607785156,0.006870626,1.1,0.75881098,potato
5581,681.2261,2048.9,-3.2,27.5,3.701837695,0.133230279,1.2,0.721359098,rice
1859,465.15353,1350.4,-5.8,31,4.787770346,0.076473352,14.7,5.83442119,cassava
2189,767.9417,1455.8,-3,31.3,5.345624035,0.062566346,2.1,1.030099122,cassava
191,653.0688,1400.6,-4.1,28.7,5.414809666,0.396935235,2.7,0.982299511,wheat
2153,867.19104,612.2,-2.9,32,5.607217944,0.27564853,2.3,1.406195787,potato
1710,859.97906,1130.7,-2.5,30.2,5.722549113,0.443232528,3.2,1.552763793,wheat
2868,731.7552,2074.5,-2.8,30.6,4.662243104,0.304965527,13.3,6.688299744,banana
1542,558.4442,302.9,-6,30.7,4.898549905,0.097844816,6.2,3.486603418,wheat
4152,239.39554,1348.2,-7.9,32.8,6.275637158,2.34E-07,2.3,1.222054684,wheat
5002,401.21326,289.9,-7.4,31,5.33333895,0.00483078,2.3,1.45473949,potato
1427,295.81876,1661.5,-7,31.8,6.936237261,8.27E-05,1.8,0.883830417,wheat
1318,450.3863,1942.5,-5.4,32.4,5.628042614,0.065708664,7,4.26529922,rice
354,340.24576,1812.7,-6.6,37.3,7.219174785,0.232489667,4.7,1.693180635,banana
3963,725.4462,1506.6,-3.3,30.2,4.801750084,0.259336727,0.6,0.241013764,cassava
5303,619.3663,1037.6,-4.7,33.3,6.636569714,0.228085027,3.9,2.626822654,wheat
1348,609.6886,1582.8,-4.3,28.7,5.726864886,0.137009773,2.4,1.032982356,coffee
2834,588.7227,811.8,-5.2,32.3,5.261996608,0.473526712,1,0.60099534,potato
3548,474.81873,502.4,-6.5,32.1,5.770926755,0.001170799,7.6,4.708827985,maize
1178,635.6687,738.7,-4.9,33.2,6.196498929,0.210415792,1.1,0.778373545,wheat
494,807.6577,1097.2,-3,28.5,4.846138774,0.725952213,2.5,1.127298109,cassava
3732,554.2751,1107.6,-5.3,29.6,5.007805303,0.576223056,1.6,0.825295558,potato
1637,504.66306,1144.5,-5.7,32.1,5.666609337,0.431890818,4.8,2.486275579,wheat
756,578.9127,889.4,-5.2,31,5.062154869,0.442494987,2.2,1.209928468,cassava
1332,359.76013,1816,-6.4,32.9,7.350704593,0.133452733,2.9,1.225715303,wheat
2158,899.066,1386,-1.9,27.6,4.639722854,0.046040967,1.9,1.221608156,tea
3424,605.52277,1080.6,-4.8,30.7,4.984127811,0.327851016,3.7,2.102437706,potato
2202,572.95935,625.6,-5.5,31,5.258963525,0.086329714,1.2,0.750674896,wheat
2531,552.80945,398.1,-5.9,33.4,4.607136376,0.130177953,0.8,0.449790101,wheat
1040,678.22504,564.4,-4.6,31.7,5.567555678,0.448148608,1.2,0.492987804,maize
58,792.6537,928.5,-3.3,31.2,5.102047963,0.387349694,1.1,0.59755743,potato
3334,747.6985,981.5,-3.7,31,6.715882162,0.541706017,11.1,2.867814718,coffee
